"gene","module"
"RN7SK","turquoise"
"SNORD3A","turquoise"
"RMRP","turquoise"
"RPPH1","turquoise"
"RNU1-1","turquoise"
"RNU1-3","turquoise"
"RNU1-2","turquoise"
"RNU1-4","turquoise"
"RN7SL3","turquoise"
"RNVU1-7","turquoise"
"SNORA73B","turquoise"
"SNORD3C","turquoise"
"RN7SL1","turquoise"
"RN7SL2","turquoise"
"LOC105378179","turquoise"
"SNORD17","turquoise"
"LOC105379524","turquoise"
"SNORD3B-2","turquoise"
"SNORD133","turquoise"
"SCARNA10","turquoise"
"SNORA73A","turquoise"
"SNORD3D","turquoise"
"RNU4-2","turquoise"
"SNORD3B-1","turquoise"
"RNA28SN4","purple"
"XIST","grey"
"RNA45SN4","purple"
"RNA28SN5","purple"
"RNA45SN2","purple"
"RNA45SN5","purple"
"RNA28SN2","purple"
"SCARNA5","turquoise"
"SNORA63","turquoise"
"RNU5A-1","turquoise"
"SCARNA2","turquoise"
"PARP2","turquoise"
"RNU4-1","turquoise"
"CYP1A2","blue"
"SNORA74B","turquoise"
"TSIX","grey"
"RNA18SN5","purple"
"HAMP","blue"
"RNA45SN3","purple"
"RNA18SN2","purple"
"RNA28SN1","purple"
"RNA45SN1","purple"
"SCARNA7","turquoise"
"RNA18SN1","purple"
"CYP3A4","blue"
"RNVU1-18","turquoise"
"CYP2E1","blue"
"SNORA79B","turquoise"
"SNORA54","turquoise"
"RNA28SN3","purple"
"SCARNA28","turquoise"
"SIRT4","turquoise"
"MT1G","blue"
"SEC22B4P","turquoise"
"SNORA49","turquoise"
"SNORA48","turquoise"
"RNA5-8SN3","purple"
"RNU5B-1","turquoise"
"SPINK1","blue"
"RPS4Y1","grey"
"AKR1B10","blue"
"C9","brown"
"SNORD13","turquoise"
"MIR3609","turquoise"
"SNORA53","turquoise"
"ADH4","brown"
"RNA18SN3","purple"
"PCK1","blue"
"CRP","brown"
"CYP2A6","brown"
"H1-4","turquoise"
"SCARNA6","turquoise"
"SNORD97","turquoise"
"SCARNA13","turquoise"
"HSD17B13","blue"
"RNA5-8SN4","purple"
"SNORD15B","turquoise"
"LINC01488","blue"
"IGHG1","black"
"RNY1","turquoise"
"SLC25A47","blue"
"MIR3648-1","purple"
"IGF2","blue"
"INS-IGF2","blue"
"TAT","brown"
"CLEC4M","blue"
"SNORD94","turquoise"
"GPC3","blue"
"RNU12","turquoise"
"MARCO","blue"
"SAA1","brown"
"KDM5D","grey"
"SNORA23","turquoise"
"CYP2B6","blue"
"FCN2","blue"
"HGFAC","blue"
"PLA2G2A","grey"
"SNORA12","turquoise"
"RNA5-8SN2","purple"
"IGKC","black"
"DDX3Y","grey"
"SLC22A1","brown"
"LOC107984805","turquoise"
"PEG10","blue"
"RNU5E-1","turquoise"
"MIR3648-2","purple"
"SNORD10","turquoise"
"TALAM1","turquoise"
"CYP2A7","brown"
"CHRNA4","blue"
"MALAT1","turquoise"
"SLCO1B3","blue"
"MT1H","blue"
"CLEC4G","blue"
"MT1F","blue"
"FCN3","blue"
"MT1E","blue"
"RNY3","turquoise"
"HPD","brown"
"GSTM1","grey"
"SDS","blue"
"UROC1","blue"
"HP","brown"
"LOC105375587","blue"
"SCARNA21","turquoise"
"CYP8B1","brown"
"RNA18SN4","purple"
"SAA2","brown"
"ASPG","blue"
"CPS1","brown"
"CYP2C8","brown"
"GLYAT","brown"
"ALDOB","brown"
"ADH1B","brown"
"CPS1-IT1","turquoise"
"IGHGP","black"
"TAT-AS1","brown"
"IGHG3","black"
"MT1M","blue"
"HRG","brown"
"IGHG2","black"
"HAO2","brown"
"LINC01093","blue"
"MFSD2A","blue"
"THRSP","blue"
"LOC105379574","turquoise"
"HPR","brown"
"APOF","brown"
"ADRA1A","blue"
"DCN","green"
"REG3A","grey"
"FOSB","green"
"ADH1C","brown"
"C3P1","brown"
"CYP2B7P","brown"
"IGLC2","black"
"IGHG4","black"
"SLCO1B3-SLCO1B7","blue"
"FAM99A","brown"
"C7","green"
"TTR","brown"
"UTY","grey"
"GCGR","brown"
"SCARNA12","turquoise"
"H19","grey"
"SNORA37","turquoise"
"WDR74","turquoise"
"SNORA47","turquoise"
"RNA5-8SN5","purple"
"TXLNGY","grey"
"MT1X","blue"
"XPNPEP2","grey"
"SPP1","brown"
"CXCL14","blue"
"TIALD","brown"
"APOA1","brown"
"CD5L","blue"
"CHI3L1","grey"
"CDHR2","blue"
"SCARNA17","turquoise"
"LINC01554","brown"
"IGHA1","green"
"HSD11B1","brown"
"IGLC3","black"
"GDF2","blue"
"CRHBP","blue"
"USP9Y","grey"
"CYP4A11","brown"
"CYP2C9","brown"
"SNORA71D","turquoise"
"ERVE-5","blue"
"IGF2BP1","blue"
"MIR612","turquoise"
"SNORA7B","turquoise"
"DHRS2","grey"
"BHMT","brown"
"GSTA2","brown"
"MME","blue"
"MOGAT2","brown"
"MT2A","blue"
"MUC13","blue"
"ZNF460","turquoise"
"ALB","brown"
"SPP2","brown"
"SNORA68","turquoise"
"MT-TP","purple"
"AFP","grey"
"CNDP1","blue"
"MUC3A","grey"
"SMIM24","turquoise"
"APOA1-AS","brown"
"AKR1D1","brown"
"SNORA38B","turquoise"
"F9","brown"
"SNORA50B","turquoise"
"ADH1A","brown"
"TERC","turquoise"
"SNORA52","turquoise"
"UGT2B10","brown"
"PZP","turquoise"
"CYP1A1","blue"
"COLEC10","blue"
"APOC3","brown"
"TTC36","blue"
"MT-ATP8","turquoise"
"LINC01018","brown"
"H4C5","turquoise"
"FABP1","brown"
"FREM2","blue"
"PKHD1","turquoise"
"CFHR3","brown"
"SLC1A2","blue"
"PGLYRP2","brown"
"LOC107987081","turquoise"
"SAA2-SAA4","brown"
"LOC105376789","brown"
"SNORA74A","turquoise"
"CYP7A1","brown"
"IGLL5","black"
"SCARNA9","turquoise"
"APOA5","brown"
"SLC10A1","brown"
"RDH16","brown"
"HAL","brown"
"TENM1","blue"
"IGLC1","black"
"SRD5A2","brown"
"FOS","blue"
"LOC107984315","turquoise"
"CYP4A22","brown"
"RNF138P1","turquoise"
"IGFALS","blue"
"UGT2B7","brown"
"CYP3A43","blue"
"HPX","brown"
"MIR675","grey"
"APOA4","grey"
"LOC112268210","blue"
"IGHM","black"
"GSTA1","brown"
"IDO2","blue"
"LOC646652","turquoise"
"SLC22A7","brown"
"LOC105371475","turquoise"
"PLG","brown"
"RNU6ATAC","turquoise"
"RNA5-8SN1","purple"
"AHSG","brown"
"GYS2","brown"
"MYH4","grey"
"NNMT","blue"
"IGFBP1","brown"
"CPLX2","blue"
"AFM","brown"
"ANKRD36C","turquoise"
"SAA4","brown"
"STAB2","blue"
"LECT2","brown"
"G6PC1","brown"
"ADCY1","blue"
"NAT2","blue"
"PTGDS","green"
"BCO2","blue"
"HEPACAM","blue"
"SERPINC1","brown"
"AKR1B15","blue"
"IGKV3-20","black"
"C6","brown"
"IGKV4-1","black"
"FAM99B","blue"
"JCHAIN","black"
"MUC5B","turquoise"
"NQO1","blue"
"DEFB1","turquoise"
"LCN2","grey"
"CFTR","green"
"ABCB11","brown"
"MIR1248","turquoise"
"EIF1AY","grey"
"LOC107985147","turquoise"
"SERPINA11","brown"
"LUM","green"
"LPA","brown"
"EEF1A2","grey"
"APCS","brown"
"GBA3","brown"
"SNORA38","turquoise"
"EPS8L3","blue"
"NPC1L1","blue"
"IGHA2","black"
"AGXT","brown"
"ABCA8","blue"
"SLC13A5","brown"
"MAGEA3","pink"
"DPT","green"
"CCL21","green"
"H1-5","turquoise"
"SMG1P3","turquoise"
"HPGD","grey"
"APOA2","brown"
"SULT2A1","brown"
"ORM1","brown"
"ALDH1L1","brown"
"MBL2","brown"
"SNORA71A","turquoise"
"EPCAM","grey"
"GLYATL1","brown"
"VIPR1","blue"
"LOC105378469","turquoise"
"A1BG","brown"
"TDO2","brown"
"RELN","grey"
"UGT2B15","brown"
"SNHG10","turquoise"
"KCND3","blue"
"ACSM2A","brown"
"FXYD1","brown"
"SLC27A5","brown"
"AVPR1A","blue"
"FETUB","brown"
"ORM2","brown"
"SNORA14A","turquoise"
"CYP3A7","brown"
"SLC22A10","brown"
"KCNQ1OT1","turquoise"
"IGLJ2","black"
"FGB","brown"
"TOP2A","blue"
"RHBG","grey"
"GNMT","brown"
"LOC105372485","brown"
"PPP1R1A","turquoise"
"ACSL4","blue"
"RBP4","brown"
"HHIP","blue"
"H4C3","turquoise"
"CYP3A7-CYP3A51P","brown"
"DLK1","grey"
"TRIM71","blue"
"CFHR5","brown"
"EGR1","blue"
"NPW","turquoise"
"LINC00844","brown"
"NOTUM","grey"
"LOC105374083","turquoise"
"MT-ND6","turquoise"
"GLS2","blue"
"GREM2","blue"
"CYP26A1","blue"
"TTN","turquoise"
"S100P","blue"
"IGKJ4","black"
"MT-TS1","turquoise"
"SFN","blue"
"CFHR4","brown"
"SNORA81","turquoise"
"NR1I2","brown"
"AOX1","brown"
"MT-RNR1","purple"
"LOC105379011","turquoise"
"TMEM14EP","turquoise"
"CHORDC1P4","turquoise"
"ARG1","brown"
"MT-ND2","turquoise"
"BCHE","brown"
"PAPPA2","turquoise"
"PRSS48","turquoise"
"ACSS3-AS1","turquoise"
"PGC","blue"
"CLEC1B","blue"
"OTC","brown"
"PTH1R","blue"
"SMG1P1","turquoise"
"MUC6","blue"
"LOC107985251","turquoise"
"LGALS4","turquoise"
"KRT23","grey"
"IGF2-AS","blue"
"CFHR2","brown"
"IGHV4-59","black"
"CENPF","blue"
"PDZK1IP1","turquoise"
"DNASE1L3","blue"
"FGF21","turquoise"
"LOC105369161","turquoise"
"SFRP5","blue"
"LOC107986334","turquoise"
"H1-3","turquoise"
"LOC105378560","turquoise"
"SLC6A11","grey"
"UPP2","blue"
"CLRN3","blue"
"LINC01348","blue"
"SLCO1B1","brown"
"SNORA20","turquoise"
"MMP7","green"
"SNORD134","turquoise"
"CYP2C19","blue"
"LPIN2-AS2","turquoise"
"KNG1","brown"
"SLC38A4","brown"
"IGHV3-33","black"
"TSHR","turquoise"
"PPARGC1A","blue"
"APOH","brown"
"PDGFRA","green"
"KRT7","green"
"KRT19","green"
"IGKV1-5","black"
"MAGEA6","pink"
"SLC2A9-AS1","turquoise"
"CYP2D6","brown"
"ZBED6","turquoise"
"MKI67","blue"
"LOC107985027","turquoise"
"AZGP1","brown"
"HSD17B6","brown"
"AQP9","brown"
"HMGCS2","brown"
"DUSP9","blue"
"PLAC4","turquoise"
"LOC112268133","turquoise"
"SULT1C2","blue"
"MDK","blue"
"FGG","brown"
"CCL20","blue"
"IGHJ5","black"
"CCL19","green"
"IGHJ6","black"
"IGKJ2","black"
"NRG1","blue"
"COL2A1","blue"
"RPS16P5","turquoise"
"CD24","grey"
"FTCD","brown"
"FGFR2","grey"
"LINC00513","turquoise"
"SLC39A5","brown"
"IGHJ4","black"
"SNORA80A","turquoise"
"CXCL2","blue"
"LOC100130587","blue"
"FGA","brown"
"ZFY","grey"
"C8A","brown"
"IGLV2-14","black"
"NTS","grey"
"ALDH3A1","grey"
"CXCL12","blue"
"CYP4F2","brown"
"ASS1","brown"
"SNORA80E","turquoise"
"IGKV3-11","black"
"SCARNA22","turquoise"
"SLC22A25","brown"
"IGKV1-33","black"
"KCNJ13","turquoise"
"FGL1","brown"
"UGT3A1","brown"
"KANTR","turquoise"
"IGKV1-39","black"
"SLPI","turquoise"
"BBOX1","brown"
"H3C2","turquoise"
"IGHV3-30","black"
"DKK1","blue"
"FBP1","brown"
"PIGR","blue"
"EXPH5","blue"
"LOC105379025","turquoise"
"MEP1A","blue"
"LOC107986699","turquoise"
"CA12","blue"
"BPIFB2","grey"
"NEU4","brown"
"MT-ATP6","turquoise"
"LOC101929594","turquoise"
"SLC28A1","brown"
"MAT1A","brown"
"MT1L","blue"
"H4C2","turquoise"
"CACNA1H","blue"
"SNTB1-AS2","turquoise"
"IGFBP2","brown"
"SERPINA7","brown"
"IGKJ1","black"
"PON1","brown"
"F12","brown"
"CYP17A1","grey"
"ACSM2B","brown"
"CFHR1","brown"
"GPR88","grey"
"RAB3B","blue"
"LOC148696","turquoise"
"SHBG","brown"
"CYP39A1","blue"
"SCARNA16","turquoise"
"ACSM5","brown"
"LOC105379010","turquoise"
"OGDHL","brown"
"LINC-PINT","turquoise"
"XAGE1B","pink"
"XAGE1A","pink"
"FLNC","brown"
"SNORA60","turquoise"
"LOC105379012","turquoise"
"TF","brown"
"TMEM82","brown"
"ETNPPL","brown"
"AKR1C8","turquoise"
"SNORA57","turquoise"
"ST8SIA3","turquoise"
"TRIM55","grey"
"LOC100507412","purple"
"SULT1E1","brown"
"POU5F2","turquoise"
"PRODH","brown"
"LINC02499","blue"
"CPB2-AS1","turquoise"
"MT-RNR2","purple"
"REG1A","grey"
"LOC105378685","blue"
"AMBP","brown"
"LOC105373215","turquoise"
"CFAP57","blue"
"LOC107986363","turquoise"
"MFAP4","green"
"ANGPTL8","turquoise"
"XDH","brown"
"CCDC141","turquoise"
"AKR7A3","brown"
"IGLV3-21","black"
"IQGAP3","blue"
"RIPOR3","blue"
"NMRAL2P","blue"
"ZBTB16","turquoise"
"SNORD33","turquoise"
"CRADD-AS1","turquoise"
"HLMR1","brown"
"LINC01485","brown"
"HAO1","brown"
"CTH","blue"
"SERTM2","grey"
"EPPK1","blue"
"NRCAM","brown"
"ASPDH","brown"
"IGLV2-23","black"
"GHR","blue"
"FNDC5","brown"
"BCAN-AS1","blue"
"ESR1","blue"
"SNORA64","turquoise"
"MT-ND3","turquoise"
"LY6E","blue"
"RNU11","turquoise"
"PRAME","blue"
"LINC01419","pink"
"IGHV3-23","black"
"IYD","brown"
"EFEMP1","red"
"COL10A1","turquoise"
"MT1A","blue"
"LOC101928373","turquoise"
"MAGEA1","pink"
"MYBL2","blue"
"AR","blue"
"SLC2A2","brown"
"C4BPA","brown"
"IGKV1D-39","black"
"LOC105371800","brown"
"CLDN4","grey"
"HKDC1","blue"
"NEAT1","turquoise"
"LOC107986673","turquoise"
"CCDC144BP","turquoise"
"WNK2","grey"
"UBD","blue"
"ATF5","turquoise"
"ASPM","blue"
"TENM2","turquoise"
"MIR1291","turquoise"
"LYVE1","blue"
"LOC107985684","turquoise"
"ATOH8","blue"
"PRSS8","blue"
"TGM3","blue"
"F11","brown"
"POSTN","red"
"A1BG-AS1","brown"
"LOC101927385","turquoise"
"DCAF4L2","pink"
"NKD1","grey"
"IFI27","turquoise"
"GNAO1","blue"
"VNN1","blue"
"LOC107986127","turquoise"
"SLC22A31","grey"
"ZG16","brown"
"THBS1","yellow"
"FAM180A","blue"
"LOC112268009","turquoise"
"ELFN2","grey"
"FOLH1B","blue"
"LOC105372263","blue"
"H2BC18","turquoise"
"DCXR","brown"
"CCBE1","blue"
"LOC107986015","turquoise"
"MT1JP","blue"
"LOC105371085","turquoise"
"SEZ6L2","blue"
"BMP10","blue"
"LOC107986982","turquoise"
"SERPINA3","brown"
"IGLV1-40","black"
"GSTA7P","brown"
"C8B","brown"
"TPRG1","turquoise"
"DNAJB3","turquoise"
"LOC101927516","turquoise"
"LOC107984993","turquoise"
"IGKV3-15","black"
"LOC105374325","turquoise"
"UCHL1","brown"
"ALDH8A1","brown"
"MMP9","brown"
"HULC","turquoise"
"LOC105379303","turquoise"
"APOC4","brown"
"LIFR","blue"
"SNORA2C","turquoise"
"LOC100507053","brown"
"SNORA22","turquoise"
"GPD1","brown"
"TSPAN8","turquoise"
"MIR6516","turquoise"
"AGR2","grey"
"LOC105375431","grey"
"LOC105379064","pink"
"LOC107986167","turquoise"
"KNDC1","grey"
"VCAN","red"
"TH","blue"
"ANKRD36","turquoise"
"LYZ","brown"
"MT-ND1","turquoise"
"APOB","brown"
"FAM83F","blue"
"MIR4751","turquoise"
"LOC112268025","turquoise"
"CLGN","blue"
"ARFGEF3","brown"
"IGLV3-19","black"
"LRCOL1","blue"
"PWAR5","turquoise"
"CUX2","brown"
"CES1","brown"
"LOC105374010","turquoise"
"DPYS","brown"
"TERT","blue"
"FMO3","brown"
"SNORA17B","turquoise"
"ADAM20","turquoise"
"LOC105378356","blue"
"INMT","green"
"RTP3","brown"
"GC","brown"
"SLC6A13","blue"
"LOC112268199","turquoise"
"CES1P2","turquoise"
"HYDIN","turquoise"
"LOC107985193","turquoise"
"ANLN","blue"
"ADH6","brown"
"THBS2","red"
"MAGI1-IT1","turquoise"
"LOC102723847","pink"
"BAAT","brown"
"PTPRS","yellow"
"KCNN2","blue"
"IGHV4-39","black"
"SLC6A19","grey"
"COL15A1","brown"
"OAT","blue"
"SVEP1","yellow"
"SPATA31G1","turquoise"
"MEG3","grey"
"SLCO1B7","turquoise"
"HJV","brown"
"H2BC8","turquoise"
"HRNR","turquoise"
"CFP","blue"
"LRP1B","turquoise"
"HBB","blue"
"IGHV1-69D","black"
"PAH","brown"
"F2","brown"
"HABP2","brown"
"GNG4","blue"
"ITIH4","brown"
"H2AC20","turquoise"
"GADD45G","brown"
"LINC01595","brown"
"COL1A1","red"
"GPX2","turquoise"
"FTX","turquoise"
"MPPED1","brown"
"FAM83A-AS1","brown"
"PRODH2","brown"
"ZBTB20-AS1","turquoise"
"SLC38A3","brown"
"ALDH1L1-AS1","brown"
"CNTN3","blue"
"INHBE","turquoise"
"UBE2C","blue"
"SSX1","pink"
"IGKJ5","black"
"DIAPH1-AS1","turquoise"
"HOXA13","blue"
"ANXA10","brown"
"IGKV1D-33","black"
"CDO1","brown"
"LOC101927514","turquoise"
"AGXT2","brown"
"LGR5","grey"
"LOC107986981","turquoise"
"AASS","blue"
"CAMK2B","blue"
"FAM3B","grey"
"NGFR","green"
"LEPR","brown"
"IGF1","blue"
"REEP6","brown"
"ITIH1","brown"
"MEG8","turquoise"
"GSTA5","turquoise"
"AADAC","brown"
"SYT7","brown"
"LRRTM2","turquoise"
"LOC107986287","brown"
"CDC20","blue"
"AEBP1","green"
"PLGLA","blue"
"LPAL2","blue"
"IGF2BP3","blue"
"LOC107984131","turquoise"
"BMPER","blue"
"LOC107986018","turquoise"
"PIK3C2G","turquoise"
"LINC00907","blue"
"HGF","blue"
"IGLV1-44","black"
"LOC105376182","turquoise"
"DSG1","brown"
"HSD17B2-AS1","turquoise"
"H3C3","turquoise"
"PROZ","brown"
"WDR72","blue"
"SLCO5A1","purple"
"F13B","brown"
"FTCD-AS1","brown"
"UGT1A4","brown"
"C3orf85","brown"
"HAND2-AS1","blue"
"LOC105379013","blue"
"GABRB3","blue"
"IGHV3-21","black"
"LINC02863","turquoise"
"AKR1C4","brown"
"CCDC80","red"
"TRPM8","brown"
"LOC157273","blue"
"LBP","brown"
"GBP7","brown"
"CLDN2","brown"
"DMGDH","brown"
"PFKFB1","brown"
"TMPRSS6","brown"
"LOC112268288","turquoise"
"GFRA1","blue"
"SNORD118","turquoise"
"MT-ND4","turquoise"
"PCSK1N","turquoise"
"ACSM1","grey"
"USH1C","grey"
"SNORA80B","turquoise"
"TTC36-AS1","blue"
"MAB21L4","grey"
"LOC105375244","turquoise"
"LOC107987100","turquoise"
"SERPINA4","brown"
"NECAB2","brown"
"PCDH9","yellow"
"IGKV1-12","black"
"PALM3","brown"
"IGHV3-7","black"
"ANG","brown"
"HAPLN4","brown"
"LOC105375520","blue"
"SLFN12L","yellow"
"SLC29A4","turquoise"
"LOC105370327","turquoise"
"SNORA31B","turquoise"
"LOC100505502","turquoise"
"SNORA7A","turquoise"
"TMC5","grey"
"ITIH4-AS1","brown"
"HBA2","blue"
"SLC7A11","brown"
"GCK","grey"
"CCL16","brown"
"TNFSF14","grey"
"SND1-IT1","turquoise"
"LOC100190986","turquoise"
"SNORA50C","turquoise"
"CTNND2","grey"
"IGFBP3","blue"
"DAO","brown"
"TERLR1","blue"
"UGT2B4","brown"
"B3GAT1","blue"
"ACOT12","brown"
"MLIP","grey"
"MT-TE","grey"
"SERPINE1","grey"
"SERPINF2","brown"
"KBTBD11","blue"
"GPR21","turquoise"
"MIR23AHG","yellow"
"PRELP","green"
"IL7R","yellow"
"ZIC2","blue"
"HEPN1","blue"
"FAM30A","yellow"
"H2AC13","turquoise"
"LINC02365","blue"
"IGKJ3","black"
"PDK4","blue"
"CYP2D7","brown"
"IGSF9","grey"
"LOC107985909","turquoise"
"DIO3OS","blue"
"UGT2B17","brown"
"SLC27A2","brown"
"FAM163B","blue"
"ID1","blue"
"CHST4","blue"
"DANT2","turquoise"
"VTN","brown"
"RETREG1","blue"
"LOC105376011","pink"
"HAND2","green"
"ZIC4","grey"
"IGLV3-25","black"
"MIR10396B","purple"
"SNORA3A","turquoise"
"LOC105374739","blue"
"TNRC17","turquoise"
"UICLM","blue"
"MMP11","blue"
"ALPK2","turquoise"
"PRKY","grey"
"IP6K3","grey"
"ALPL","blue"
"FRAS1","turquoise"
"ROBO1","blue"
"LOC105371354","turquoise"
"MT-CYB","turquoise"
"IGLV2-11","black"
"SNORA8","turquoise"
"IGHV3-11","black"
"NR4A1","green"
"KIF18B","blue"
"ANKRD36B","turquoise"
"FOXP2","turquoise"
"MT-ND4L","turquoise"
"ISX","blue"
"SLED1","turquoise"
"MT-TL1","turquoise"
"CXCL8","red"
"HBA1","blue"
"LINC02362","blue"
"TFR2","brown"
"LINC02806","blue"
"APOC2","brown"
"H4C4","turquoise"
"INAVA","blue"
"FLJ42393","turquoise"
"IGKV1-9","black"
"KCNB1","brown"
"PTGIS","green"
"LOC105372160","turquoise"
"GABRE","grey"
"MASP2","brown"
"RNU4ATAC","turquoise"
"FOXN3-AS3","turquoise"
"NR4A3","yellow"
"LOC105377290","turquoise"
"LAMA2","yellow"
"TMEM45B","grey"
"STEAP4","blue"
"LOC101927647","turquoise"
"LOC101927283","turquoise"
"IGHV1-18","black"
"H3C14","turquoise"
"IGKV1-17","black"
"GDA","blue"
"GUSBP17","turquoise"
"CXCL9","black"
"LOC389602","grey"
"LOC105378468","blue"
"RPS29","grey"
"KIF4A","blue"
"SLC7A2","brown"
"DCDC1","blue"
"APOC1","brown"
"AFAP1-AS1","brown"
"CPB2","brown"
"MMP12","brown"
"INSYN2A","turquoise"
"PITX1","blue"
"NAV3","turquoise"
"LINC01287","pink"
"ISLR","green"
"LOC107987120","grey"
"CRYAA","brown"
"IGKV2-28","black"
"LCAL1","blue"
"APOC1P1","brown"
"S100A9","grey"
"APOC4-APOC2","brown"
"SOCS3","green"
"BGN","green"
"ACADL","brown"
"ZNF831","yellow"
"LOC105379230","turquoise"
"H3C15","turquoise"
"PLPP2","grey"
"CYP4F3","brown"
"LOC107986254","turquoise"
"CCDC144A","turquoise"
"RND2","turquoise"
"SLC7A5P2","turquoise"
"LOC105376410","turquoise"
"LINC02476","pink"
"SERPINA6","brown"
"NEK2","blue"
"UPB1","brown"
"MYO18B","pink"
"CES1P1","brown"
"ANGPTL3","brown"
"MYOM1","turquoise"
"SLC5A1","blue"
"ESM1","blue"
"LOC105370841","turquoise"
"KILH","grey"
"ADAMTSL2","blue"
"SNORD22","turquoise"
"OIT3","blue"
"MGP","red"
"PNCK","blue"
"HOGA1","brown"
"HJURP","blue"
"DIO1","brown"
"SEC14L4","brown"
"RIDA","brown"
"SYBU-AS1","blue"
"ADGRG7","blue"
"ANKRD44-IT1","turquoise"
"MAGEC2","pink"
"UGT1A1","brown"
"CXCL6","green"
"SNX29P2","turquoise"
"RANBP3L","blue"
"PON3","brown"
"IGHV1-69","black"
"NPBWR1","blue"
"SLC4A4","blue"
"PROM1","green"
"LOC101928384","blue"
"HAGLR","blue"
"LOC107984573","turquoise"
"LOC105377508","grey"
"TCIM","blue"
"ANXA13","turquoise"
"GVINP1","yellow"
"COL3A1","red"
"UPK3A","blue"
"CSMD1","pink"
"LOC105371903","turquoise"
"OBSCN","turquoise"
"AHNAK2","red"
"PPARGC1A-AS1","turquoise"
"IGKV2D-28","black"
"LINC00598","turquoise"
"DUXAP9","pink"
"LRG1","brown"
"TTPA","brown"
"SLC44A5","pink"
"PIPOX","brown"
"IGLV1-47","black"
"GABRP","green"
"INHBC","brown"
"UGT1A9","brown"
"IGF2BP2","brown"
"PEG3","grey"
"E2F1","blue"
"TROAP","blue"
"LOC102724652","brown"
"CNTFR","grey"
"ABCA9","blue"
"COL4A5","grey"
"SAMD5","blue"
"HSD17B2","brown"
"LOC105370846","turquoise"
"SHOC1","turquoise"
"SULT1B1","blue"
"PRAP1","brown"
"BICC1","grey"
"KIRREL3-AS4","brown"
"FER1L4","brown"
"SNORA50A","turquoise"
"KIFC1","blue"
"CCDC187","grey"
"HRG-AS1","brown"
"CYP2C18","brown"
"LOC105375724","turquoise"
"H2BC4","turquoise"
"IGLC6","black"
"FXYD2","grey"
"NEB","turquoise"
"TIMP1","green"
"LINC01370","grey"
"PYCR1","blue"
"ITGB8","yellow"
"PTCSC1","turquoise"
"SPINT2","grey"
"COL1A2","red"
"SLC51A","brown"
"TTTY14","grey"
"VWCE","turquoise"
"NBEA","turquoise"
"ATRNL1","turquoise"
"LOC105373942","turquoise"
"LOC107984256","grey"
"LIN28B","pink"
"COL7A1","grey"
"CA5A","brown"
"AKAP12","turquoise"
"ANK3","yellow"
"LOC105377113","turquoise"
"FSIP2","turquoise"
"GNAZ","blue"
"C11orf96","green"
"C1QTNF1","green"
"LINC03040","blue"
"LAPTM4B","turquoise"
"ACE2","blue"
"LINC02666","turquoise"
"SULF1","red"
"PRG4","brown"
"DUSP1","blue"
"LCAT","blue"
"IGHV1-3","black"
"BIRC5","blue"
"CREB3L3","brown"
"ARHGAP15-AS1","turquoise"
"LOC105374040","turquoise"
"BDH1","brown"
"ZNF648","turquoise"
"HGD","brown"
"PHYHD1","blue"
"LINC02428","brown"
"FAF1-AS1","turquoise"
"PCSK1","turquoise"
"MTTP","brown"
"CPN2","brown"
"DOCK4-AS1","turquoise"
"RNVU1-14","turquoise"
"ZIC1","grey"
"KLKB1","brown"
"EVC","yellow"
"RNA5S9","turquoise"
"FADS2","blue"
"IGKV1-6","black"
"TAF12-DT","turquoise"
"MROH2A","grey"
"SOCS2","blue"
"ABCA6","blue"
"AMDHD1","brown"
"STC2","blue"
"SLCO4C1","blue"
"ANKRD18A","turquoise"
"PCLO","turquoise"
"GAGE2A","pink"
"NR0B2","brown"
"LOC107984313","turquoise"
"DBH","brown"
"DNAH5","turquoise"
"SNORA63D","turquoise"
"LOC107984960","turquoise"
"TM4SF5","turquoise"
"SQLE","blue"
"MICOS10P1","turquoise"
"LINC02997","blue"
"LOC105375087","turquoise"
"CA9","grey"
"CDK1","blue"
"ENO3","brown"
"SLC6A8","brown"
"SLCO1A2","turquoise"
"ETNK2","brown"
"HSP90AB4P","turquoise"
"SERPINA1","brown"
"IGSF3","blue"
"ITIH2","brown"
"CHST9","blue"
"FAR2P1","grey"
"LOC105376110","turquoise"
"DBH-AS1","brown"
"INSYN2B","turquoise"
"PTH2R","grey"
"NBPF22P","pink"
"PODN","green"
"DUOX2","grey"
"LOC101927999","grey"
"LOC105372036","turquoise"
"MT-TT","purple"
"KDM8","blue"
"SNORD89","turquoise"
"HK2","brown"
"SPINT1","grey"
"DACT2","grey"
"ELFN1","blue"
"HLA-DRB5","grey"
"LOC105378620","turquoise"
"PAK3","turquoise"
"LINC02027","blue"
"BUB1B","blue"
"PLIN5","brown"
"ESRP1","grey"
"ANKRD36BP2","yellow"
"COL14A1","green"
"COLEC11","blue"
"LOC105372106","turquoise"
"LOC105375164","turquoise"
"PRKAG2-AS2","turquoise"
"UNC93A","brown"
"GPM6A","blue"
"CTAG2","pink"
"LOC105370928","turquoise"
"GSTA3","turquoise"
"PPP1R3G","brown"
"RWDD3-DT","turquoise"
"LINC02531","pink"
"TNFSF4","turquoise"
"MLXIPL","brown"
"H2BC7","turquoise"
"TMEM238","turquoise"
"CCNB1","blue"
"BCL2L1-AS1","turquoise"
"LOC102724542","pink"
"LOC107986160","blue"
"CEP295NL","turquoise"
"LARGE-AS1","turquoise"
"LOC105375692","brown"
"ETV4","blue"
"CES3","brown"
"SCUBE1","grey"
"CLTRN","blue"
"CDA","brown"
"LOC105378367","turquoise"
"LOC107986188","turquoise"
"FBLN1","grey"
"IGHV2-5","black"
"IGHV3-15","black"
"GLTPD2","brown"
"UGT1A8","brown"
"LOC105369535","turquoise"
"VNN3P","brown"
"MIF","turquoise"
"COL22A1","brown"
"UGT1A7","brown"
"EVPL","grey"
"ADAMTS13","blue"
"UGT1A5","brown"
"SLC2A9","turquoise"
"CR1","yellow"
"ZBTB20","turquoise"
"ITFG1-AS2","turquoise"
"ALDH1L1-AS2","brown"
"CTHRC1","brown"
"H2AC12","turquoise"
"UGT1A10","brown"
"PLGLB2","brown"
"CEACAM20","grey"
"LINC02624","turquoise"
"CPED1","blue"
"FER1L6","blue"
"ST6GAL2","blue"
"EBF1","turquoise"
"COL5A1","red"
"TMEM45A","blue"
"MST1P2","brown"
"RASEF","grey"
"SMYD3-AS1","turquoise"
"RRM2","blue"
"NDST3","blue"
"ILDR2","blue"
"NLGN4Y","grey"
"MIR3667HG","turquoise"
"LOC100286922","turquoise"
"ZNF385B","blue"
"PKLR","brown"
"HLA-L","grey"
"PRAMEF10","grey"
"DTNA","grey"
"SLC39A4","turquoise"
"RAMP1","turquoise"
"NPTX2","grey"
"MFAP3L","blue"
"SLC13A3","grey"
"KIF12","grey"
"MAGI2-AS3","blue"
"MAGI1-AS1","turquoise"
"IGLJ3","black"
"LOC105371120","brown"
"UGT1A3","brown"
"LOC105373349","brown"
"SLC22A11","grey"
"ABCG8","brown"
"MZB1","black"
"CELF2-AS1","turquoise"
"SOX5","turquoise"
"ALDH6A1","brown"
"MAGED4","blue"
"PTPRD","blue"
"F7","brown"
"MAGED4B","blue"
"CKB","turquoise"
"LOC105376535","turquoise"
"MOGAT3","yellow"
"PBLD","brown"
"IGHV7-4-1","black"
"ASGR2","brown"
"CDH19","blue"
"BCL2L10","turquoise"
"LRRTM3","turquoise"
"AKR1C2","brown"
"ECM1","blue"
"DEPDC1","blue"
"GDF15","turquoise"
"IGHV1-2","black"
"SLC17A2","brown"
"FMN1","turquoise"
"SOD3","green"
"MELK","blue"
"RPS21","turquoise"
"FLRT2","green"
"TDRD15","turquoise"
"LOC102723512","turquoise"
"CRISPLD2","yellow"
"FGF19","grey"
"A2M-AS1","blue"
"CYP3A5","brown"
"LOC107986457","turquoise"
"MRC1","blue"
"LOC114224","turquoise"
"S100A6","red"
"LOC105376163","turquoise"
"TYRO3P","turquoise"
"ABCC9","blue"
"SUSD4","grey"
"RGS1","yellow"
"FOXN4","grey"
"SNORA16A","turquoise"
"LOC105377112","turquoise"
"SPHK1","brown"
"PLIN1","blue"
"BHMT2","brown"
"TRPV3","blue"
"TRHDE-AS1","grey"
"MIR3606","red"
"MXRA5","green"
"ABAT","brown"
"MSI1","blue"
"SLFNL1","turquoise"
"LOC101927073","turquoise"
"ITPK1-AS1","turquoise"
"IGLJ1","black"
"LOC105375434","turquoise"
"LOC101928214","turquoise"
"CXCL5","grey"
"HMCN2","turquoise"
"ADAMTS2","green"
"NUF2","blue"
"GAMT","brown"
"DCDC2","grey"
"DTHD1","yellow"
"GJB1","brown"
"CECR2","turquoise"
"TACSTD2","green"
"SCARNA4","turquoise"
"CROCC2","blue"
"LRAT","blue"
"IGKV3D-15","black"
"PNMA3","grey"
"ITIH3","brown"
"ABCG5","brown"
"RSPO3","blue"
"SNORA55","turquoise"
"MYRIP","blue"
"SNORA27","turquoise"
"THY1","blue"
"SNORA40B","turquoise"
"IRF4","yellow"
"APLN","blue"
"UGT1A6","brown"
"LOC105372107","turquoise"
"HMGA2","brown"
"ENHO","turquoise"
"SLC34A2","green"
"PLAC8","blue"
"NPTXR","grey"
"S100A14","turquoise"
"LINC00472","turquoise"
"GTF2IP7","turquoise"
"LINC02754","brown"
"H3C4","turquoise"
"CDKN2A","blue"
"ADIRF","turquoise"
"ECHDC3","brown"
"PODXL2","turquoise"
"CP","brown"
"RNY5","turquoise"
"LOC105375059","turquoise"
"IGHV3-48","black"
"NPY1R","blue"
"TTTY15","grey"
"LOC112267900","blue"
"MRTFA-AS1","turquoise"
"COL11A1","red"
"IGSF1","blue"
"CTNNA3","blue"
"LOC102724562","brown"
"LOC105375990","turquoise"
"LOC102724749","turquoise"
"CNPY3-GNMT","brown"
"LOC107986840","pink"
"NRAP","brown"
"FAT4","turquoise"
"LOC107985858","turquoise"
"SHANK2-AS1","turquoise"
"SNORA62","turquoise"
"CD163","yellow"
"SNORA77B","turquoise"
"LAMA3","turquoise"
"IGHJ3","black"
"F11-AS1","brown"
"LOC101927817","turquoise"
"DTL","blue"
"LINC02456","turquoise"
"PLGLB1","brown"
"HMCN1","turquoise"
"UGT2B11","grey"
"GGT5","green"
"ESRRG","blue"
"NAV2-AS2","turquoise"
"CCN1","green"
"GSTM2","grey"
"SETBP1","turquoise"
"SNORA58B","turquoise"
"RANBP17","turquoise"
"PHGDH","brown"
"KRT7-AS","green"
"ELOA3BP","turquoise"
"LOC105378842","brown"
"CCL2","green"
"CES4A","blue"
"ASPA","blue"
"MCC","turquoise"
"LIF","grey"
"LIPC","brown"
"WDFY4","yellow"
"MMP2","red"
"HSPB1","turquoise"
"TM6SF2","brown"
"CAPG","brown"
"LINC01702","brown"
"SLC6A1","brown"
"FAT1","turquoise"
"GATM","brown"
"KIF2C","blue"
"A2M","blue"
"LOC112268057","turquoise"
"IGKV1-16","black"
"COL24A1","pink"
"MT-CO2","turquoise"
"FCRL5","yellow"
"HNF4A-AS1","brown"
"MS4A1","black"
"LRP2","grey"
"CCDC152","brown"
"TAS2R30","turquoise"
"C14orf180","blue"
"CDR1","turquoise"
"SERPIND1","brown"
"LOC105370373","grey"
"GPT","brown"
"CRIPTO","turquoise"
"ABCA10","turquoise"
"ONECUT1","turquoise"
"APRG1","turquoise"
"KCNJ16","green"
"NUGGC","blue"
"BUB1","blue"
"TNC","red"
"MIR12136","turquoise"
"PITPNM3","blue"
"RBP1","blue"
"NBPF13P","brown"
"GCNT3","blue"
"SLC6A12","brown"
"MAGEA12","pink"
"NR1I3","brown"
"APOM","brown"
"EFHD1","turquoise"
"SLC1A1","blue"
"HPN","brown"
"KANK4","grey"
"ERICH5","grey"
"CPN1","brown"
"LOC105379271","turquoise"
"SELENOM","turquoise"
"ACADSB","brown"
"AKR1C6P","brown"
"ASGR1","brown"
"PROC","brown"
"TBX15","brown"
"RASD1","grey"
"SRPX","green"
"MT-ND5","turquoise"
"ADAMTS17","turquoise"
"IGHV4-61","black"
"SFRP4","red"
"GPT2","brown"
"H2AC11","turquoise"
"CDCA5","blue"
"SUGCT-AS1","turquoise"
"IGHV5-51","black"
"ADAMTSL3","blue"
"PBK","blue"
"LOC107984615","turquoise"
"FYB2","blue"
"RRP12","purple"
"H4C16","turquoise"
"NEBL","grey"
"TUBB4A","grey"
"MYH11","red"
"TAFA5","grey"
"LOC107985962","turquoise"
"IGHV1-24","black"
"COL25A1","blue"
"RPS26","turquoise"
"HLF","brown"
"LOC105375945","turquoise"
"WNK4","blue"
"COL16A1","red"
"ARK2C","blue"
"NCAM2","blue"
"LOC105370733","turquoise"
"FST","brown"
"MIAT","yellow"
"SELENOP","brown"
"IL32","turquoise"
"VIL1","grey"
"H2AC17","turquoise"
"IFI6","grey"
"PAX8-AS1","grey"
"PLCXD3","green"
"FCGR2B","blue"
"HSPB6","green"
"PRSS3","turquoise"
"IGLV2-28","black"
"SNORA24","turquoise"
"ZIC5","blue"
"USH2A","brown"
"SKA1","blue"
"SLC22A12","grey"
"CMBL","brown"
"CD109","blue"
"FCAMR","brown"
"GAGE12G","pink"
"LINC00261","brown"
"LUCAT1","blue"
"FAM151A","grey"
"H4C8","turquoise"
"LOC107985244","turquoise"
"GCKR","brown"
"LOC100127955","turquoise"
"LOC102723722","brown"
"SNORA94","turquoise"
"ANGPTL4","blue"
"ZNF462","turquoise"
"GPR22","turquoise"
"CYP4F12","brown"
"CSTA","turquoise"
"BEX2","blue"
"NR4A2","green"
"BMP5","blue"
"CETP","blue"
"SERPINA10","brown"
"LOC105379237","blue"
"GPR52","turquoise"
"SLC17A4","brown"
"LINC02768","turquoise"
"H2AC21","turquoise"
"GLT1D1","brown"
"KIF23","blue"
"OLFM2","turquoise"
"DUXAP10","pink"
"LOC107985462","blue"
"GGH","turquoise"
"FREM1","yellow"
"AP1M2","grey"
"TRNP1","blue"
"PTMS","turquoise"
"SEC14L2","brown"
"EHHADH","brown"
"GAGE13","pink"
"SYT9","blue"
"BAIAP2L2","blue"
"SNORA46","turquoise"
"COL18A1-AS1","turquoise"
"SPATA6L","turquoise"
"SNORA70","turquoise"
"RGN","brown"
"SCUBE3","turquoise"
"LOC105377286","blue"
"GP2","grey"
"PCOLCE2","turquoise"
"LOC101927723","turquoise"
"PAGE4","grey"
"PTTG1","blue"
"SNORD95","turquoise"
"LOC101927269","brown"
"EGR2","green"
"DOCK2","yellow"
"DOCK8","yellow"
"MGAM2","grey"
"CTIF-AS1","turquoise"
"SNORA5C","turquoise"
"COX7B2","pink"
"GADD45B","blue"
"LOC105375235","turquoise"
"PRAMEF33","grey"
"TNFRSF19","grey"
"CTNNA2","grey"
"GRK5-IT1","turquoise"
"PDE11A","blue"
"FBLN2","red"
"ITGBL1","red"
"CDCA7","blue"
"CEMIP","turquoise"
"DLGAP5","blue"
"LOC101929599","turquoise"
"NTRK2","green"
"AZGP1P1","brown"
"CXCL10","black"
"LOC102724687","turquoise"
"FABP4","grey"
"IFI44L","yellow"
"SMANTIS","turquoise"
"EMILIN1","green"
"AADAT","blue"
"PRKCH-AS2","turquoise"
"LOC107985897","turquoise"
"CASC9","pink"
"RYR2","turquoise"
"LOC107985080","turquoise"
"LOC105378694","turquoise"
"ACMSD","brown"
"LOC101928351","turquoise"
"CHL1","grey"
"TRPS1","turquoise"
"B3GNT3","grey"
"LOC107986512","turquoise"
"LINC02316","turquoise"
"FNDC1","red"
"ALOX12P2","turquoise"
"LOC107984887","blue"
"ANGPTL1","blue"
"CCDC162P","grey"
"CALCRL-AS1","turquoise"
"PRC1","blue"
"MT-TD","turquoise"
"LOC105370372","turquoise"
"LOC105378867","turquoise"
"G0S2","turquoise"
"LOC112268061","turquoise"
"TTK","blue"
"LOC105375913","turquoise"
"NFIA-AS1","turquoise"
"SCARNA26A","turquoise"
"NAT8","brown"
"PSD3","turquoise"
"FOXQ1","grey"
"SFRP1","blue"
"LOC107986529","blue"
"PLVAP","blue"
"S100A8","magenta"
"MT-TA","grey"
"MST1L","brown"
"FBLN5","green"
"TRIM31","blue"
"SLC5A12","grey"
"C8G","brown"
"COL4A1","brown"
"COL26A1","brown"
"SERPINA5","brown"
"CLDN3","turquoise"
"TSHR-AS1","turquoise"
"MCTP2","yellow"
"DUXAP8","pink"
"CDC6","blue"
"LRP1-AS","turquoise"
"MTNR1B","grey"
"CSAG1","pink"
"NDUFA4L2","blue"
"SOCAR","turquoise"
"SNORA105B","turquoise"
"ANO1","blue"
"H2BC17","turquoise"
"MAGEC1","pink"
"ASAP1-IT1","turquoise"
"AKR1C1","brown"
"LOC105378625","blue"
"PTGS2","green"
"CHRD","brown"
"LOC101929372","brown"
"VWF","grey"
"PDE4D","turquoise"
"AFG2A","turquoise"
"LOC102723323","blue"
"STARD13-AS","turquoise"
"CHN2-AS1","turquoise"
"LOC112268127","brown"
"IFITM10","blue"
"AKR7L","brown"
"LOC101927745","turquoise"
"ANK2","turquoise"
"CYP2J2","brown"
"CENPE","blue"
"FBN3","grey"
"ACOX2","brown"
"UBXN10","blue"
"LEAP2","brown"
"CCAT1","turquoise"
"TIMD4","blue"
"PCOLCE","green"
"SAMD4A-AS1","turquoise"
"MT-TH","purple"
"IGLV2-8","black"
"LOC107987182","turquoise"
"FADS1","blue"
"DYNC2H1","turquoise"
"GUSBP14","turquoise"
"MCOLN3","brown"
"MT1B","grey"
"GOLGA2P11","grey"
"PRKAA2","grey"
"CMYA5","turquoise"
"VNN2","blue"
"SULT1A2","brown"
"POLQ","blue"
"RRS1-DT","turquoise"
"MAPK8IP2","blue"
"SPTBN2","blue"
"POU2AF1","black"
"DIP2C-AS2","turquoise"
"IGLV3-1","black"
"GTSF1","pink"
"SCN7A","green"
"ATP11A-AS1","turquoise"
"EPHA3","yellow"
"LOC105373271","turquoise"
"LOC107987137","blue"
"ALLC","blue"
"DMKN","grey"
"FBXO2","turquoise"
"TMEM154","yellow"
"C3","brown"
"COL12A1","red"
"MISP","grey"
"CDH11","red"
"SLC6A2","grey"
"CNTNAP4","pink"
"LINC01667","pink"
"MT-TC","grey"
"ALDH2","brown"
"PLCH2","grey"
"VCAM1","grey"
"GEM","red"
"ATP2B2","brown"
"COL6A3","red"
"C1QL1","blue"
"CLIC6","green"
"ABCB4","brown"
"IGKV1-27","black"
"HYDIN2","turquoise"
"CXCL1","grey"
"CYP4F22","grey"
"LINC01847","turquoise"
"LOC105370538","turquoise"
"OCIAD2","turquoise"
"C1R","blue"
"SLC8A1","yellow"
"SNORD15A","turquoise"
"MIRLET7BHG","turquoise"
"THNSL2","turquoise"
"LAMC2","yellow"
"UTRN","turquoise"
"BCAN","blue"
"NAV2-AS5","turquoise"
"RRP1B","purple"
"MASP1","brown"
"LDLR-AS1","turquoise"
"LRRC3","brown"
"FMOD","red"
"COMP","red"
"CELSR3","blue"
"OSGIN1","brown"
"PTGFR","grey"
"PLEK2","grey"
"RPL35A","turquoise"
"LOXL4","grey"
"ELK2AP","black"
"FADS6","brown"
"DTX1","blue"
"HELB","turquoise"
"PTP4A3","brown"
"LINC02535","brown"
"MSC","grey"
"DES","green"
"LINC02882","pink"
"CCSER1","turquoise"
"F13A1","red"
"SEZ6","turquoise"
"SNORA21","turquoise"
"EHF","grey"
"ELN","green"
"SERPINE2","grey"
"PRKCA-AS1","turquoise"
"PDE4DIPP2","turquoise"
"SCARA5","blue"
"IGHV3-74","black"
"HLA-DQA1","magenta"
"H4C15","turquoise"
"SLC17A1","brown"
"RNF213-AS1","turquoise"
"IGLC7","black"
"FAM110C","blue"
"HELLS","turquoise"
"LOC105369371","turquoise"
"WNT11","blue"
"ST8SIA6-AS1","pink"
"ABCG2","brown"
"LINC02967","blue"
"GPR17","turquoise"
"PGGHG","grey"
"LAD1","grey"
"MUC1","brown"
"SNORA71B","turquoise"
"CLSTN2","yellow"
"ZBTB20-AS5","turquoise"
"LOC107984268","turquoise"
"CEP128","turquoise"
"IGLV6-57","black"
"SCD","grey"
"COL5A3","grey"
"CADM1-AS1","turquoise"
"LOC105379772","blue"
"LAMC3","green"
"PLIN4","brown"
"ACSL1","blue"
"SOX4","brown"
"LOC105373311","brown"
"BAGE2","pink"
"SARDH","brown"
"LDLRAD4-AS1","turquoise"
"H2BC15","turquoise"
"EXO1","blue"
"DANT1","turquoise"
"SSUH2","blue"
"FDCSP","grey"
"DGCR5","brown"
"SLC46A3","brown"
"LOC105371159","turquoise"
"RRP7A","purple"
"SOAT2","turquoise"
"IGFBPL1","grey"
"GBP5","yellow"
"AMZ1","turquoise"
"H2AC14","turquoise"
"LOC105379096","turquoise"
"TRPV6","grey"
"HLA-J","turquoise"
"KCNA3","yellow"
"B4GALNT2","blue"
"LOC105377862","turquoise"
"WFDC2","grey"
"MT-TS2","purple"
"ANP32A-IT1","turquoise"
"SLC30A10","brown"
"ADAM23","grey"
"LINC03063","turquoise"
"RPS16","turquoise"
"HISLA","brown"
"FOXA3","brown"
"CTSE","grey"
"PAMR1","blue"
"GGT1","grey"
"TSPAN13","grey"
"LINC02708","brown"
"NAGS","brown"
"MCOLN2","yellow"
"SOX9","grey"
"LOC107986868","turquoise"
"MT-TL2","purple"
"AXIN2","grey"
"MYEOV","grey"
"SLC2A5","brown"
"CKAP2L","blue"
"AGT","brown"
"BACH2","turquoise"
"ADAMTS9","turquoise"
"CDKN3","blue"
"GFPT2","red"
"RARRES2","turquoise"
"FAM111B","blue"
"SLC17A3","brown"
"GPRIN3","yellow"
"LOC107986422","turquoise"
"CXCR2P1","blue"
"ULK4","turquoise"
"KIF20A","blue"
"N4BP2L2-IT2","turquoise"
"TMPRSS3","grey"
"MT-TV","grey"
"SLC22A15","brown"
"SNORA80D","turquoise"
"DGAT2","brown"
"SULT1A1","brown"
"KIF14","blue"
"PTPRC","yellow"
"LRRN3","turquoise"
"FAP","red"
"HIF1A-AS3","turquoise"
"PCDH20","grey"
"DNAJC12","blue"
"PYHIN1","yellow"
"LOC112267984","turquoise"
"TBC1D22A-AS1","turquoise"
"DOCK10","yellow"
"LOC107986707","turquoise"
"VXN","brown"
"CYP21A1P","grey"
"LOC107984087","turquoise"
"APOE","turquoise"
"EPS15-AS1","turquoise"
"SCGN","grey"
"LOC107985595","turquoise"
"OMG","turquoise"
"ZNF208","pink"
"SPACA7","turquoise"
"HSD17B14","turquoise"
"LRRC18","turquoise"
"LINC02506","pink"
"MST1","brown"
"FBN1","red"
"PTPN13","yellow"
"TAS2R31","turquoise"
"EXOC3L4","brown"
"LOC101929204","turquoise"
"ACAA2","brown"
"IGLV1-51","black"
"SNORA35B","turquoise"
"TRPV4","blue"
"ITK","yellow"
"H4C12","turquoise"
"NOTCH2NLB","turquoise"
"TRIM50","grey"
"CD14","blue"
"SMG1P6","turquoise"
"MT-TF","turquoise"
"H3C10","turquoise"
"ZBTB20-AS3","turquoise"
"SORL1","blue"
"LOC100505736","turquoise"
"LOC102724802","turquoise"
"SORCS2","grey"
"TAS2R13","turquoise"
"H4C11","turquoise"
"TIAM1","turquoise"
"LOC105374897","turquoise"
"SYNE1","turquoise"
"BCAT1","brown"
"SLC10A5","turquoise"
"TNXB","yellow"
"ELOA3DP","turquoise"
"GABBR2","grey"
"LONRF2","grey"
"KIAA0825","turquoise"
"SIPA1L2","brown"
"TNFRSF12A","grey"
"CCL14","blue"
"SLC25A15","brown"
"CNTNAP2","grey"
"CCNB2","blue"
"TM4SF4","brown"
"LOC105378308","grey"
"TSKU","brown"
"GREM1","grey"
"CYP4F11","brown"
"GPR158","pink"
"LOC112268317","pink"
"RUNX3-AS1","turquoise"
"PELI2","yellow"
"TPX2","blue"
"AURKB","blue"
"KCNK5","blue"
"LOC107987401","turquoise"
"S100A11","turquoise"
"LILRB5","blue"
"CYP2A13","brown"
"BACE2","red"
"RASL10B","grey"
"DRAIC","brown"
"IKZF3","yellow"
"C4BPB","brown"
"ENPP7P13","grey"
"LOC105374341","turquoise"
"UHRF1","blue"
"LINC02605","turquoise"
"LOC105376183","turquoise"
"TRO","brown"
"LOC107984865","turquoise"
"IGHV4-4","black"
"CLDN10","green"
"GSTZ1","blue"
"LOC107986010","turquoise"
"SPDYE2","turquoise"
"PAGE2","pink"
"EGFR-AS1","turquoise"
"SHANK2","turquoise"
"SAMD12","yellow"
"CLU","brown"
"RIC3","grey"
"FAM95C","grey"
"LOC101927897","turquoise"
"USP43","blue"
"MAP1B","red"
"LOC107987160","pink"
"PCGF3-AS1","turquoise"
"BMS1P2","turquoise"
"TMEM92","grey"
"CDCA2","blue"
"CH507-42P11.6","turquoise"
"LOC102724019","blue"
"ANO2","turquoise"
"LDHD","brown"
"EID3","turquoise"
"FNDC9","turquoise"
"CSKMT","turquoise"
"MT-TW","turquoise"
"H2BC10","turquoise"
"SPARCL1","grey"
"QSOX1","grey"
"THBS4","blue"
"COL4A3","yellow"
"LOC105377320","turquoise"
"LOC105370884","turquoise"
"ZWINT","blue"
"ZDBF2","yellow"
"SYCE1","grey"
"IER5L","turquoise"
"DIP2C-AS1","turquoise"
"SPIB","black"
"WASF3","blue"
"UGT2A3","grey"
"LOC105378590","blue"
"RNF152","blue"
"CD1D","blue"
"HOXA10","blue"
"LOC105371224","turquoise"
"NUPR1","turquoise"
"FLRT1","turquoise"
"LOC105375124","turquoise"
"VSIG4","magenta"
"MT-TN","grey"
"LOC105379231","blue"
"PXMP2","brown"
"CHCHD10","turquoise"
"SDF2L1","turquoise"
"SPINK5","pink"
"ADAM28","yellow"
"OLFML3","green"
"ECT2","blue"
"FYB1","yellow"
"RND3","blue"
"LOC105378305","blue"
"LOC105374836","turquoise"
"ITPKA","blue"
"H3C7","turquoise"
"LOC101928570","turquoise"
"HLA-DQB1","magenta"
"GAGE12J","pink"
"POMK","turquoise"
"PFKFB3","yellow"
"LOC105372146","turquoise"
"F10","brown"
"MGST1","brown"
"TC2N","yellow"
"CD69","yellow"
"FAM133A","pink"
"PI15","brown"
"THEMIS","yellow"
"LIPC-AS1","turquoise"
"H4C14","turquoise"
"EHHADH-AS1","brown"
"NOS1AP","turquoise"
"ZDHHC11B","turquoise"
"RORA-AS1","turquoise"
"ZFPM2-AS1","pink"
"SNORA87","turquoise"
"APLNR","green"
"PAPLN","red"
"ANO9","yellow"
"SIK1","blue"
"MIR133A1HG","turquoise"
"DQX1","blue"
"GLDN","brown"
"LOC105370504","turquoise"
"PRRX1","red"
"SORD","brown"
"C5-OT1","brown"
"PDE7B-AS1","turquoise"
"PPDPF","turquoise"
"LINC00355","pink"
"LOC105376611","turquoise"
"CARMN","turquoise"
"C6orf141","grey"
"SLITRK3","grey"
"RORA","turquoise"
"POTEF","pink"
"IKZF1","yellow"
"COCH","blue"
"LINC01446","pink"
"RPS28","turquoise"
"ITIH5","green"
"SLC25A18","brown"
"LOC105377498","turquoise"
"SALL4","grey"
"LOC105379257","brown"
"EVA1A-AS","turquoise"
"TTC39A","blue"
"TESC","grey"
"KLRD1","yellow"
"IGLV3-10","black"
"LOC107984974","turquoise"
"CDCA8","blue"
"SNORA66","turquoise"
"ELOA3P","turquoise"
"TRHDE","grey"
"LOC105369783","turquoise"
"INSIG1","brown"
"MIR10393","turquoise"
"LOC107986524","turquoise"
"LOC105377046","turquoise"
"CCDC3","green"
"CHIT1","brown"
"ACSM3","brown"
"CHRM4","blue"
"SHMT1","brown"
"NCKAP5","turquoise"
"LOC102723331","turquoise"
"IL13RA2","blue"
"NCAM1","blue"
"GDF9","turquoise"
"KIF15","blue"
"LOC101927026","turquoise"
"PCK2","brown"
"DDC","brown"
"SNORA13","turquoise"
"SPRYD4","brown"
"SLC15A1","brown"
"GLIS3-AS2","turquoise"
"CSAG3","pink"
"CHRDL1","green"
"KHK","brown"
"HS1BP3-IT1","blue"
"SPDYE2B","turquoise"
"ADAMTS4","turquoise"
"EGLN3","brown"
"SNORD67","turquoise"
"MIR7705","turquoise"
"RPL27","turquoise"
"SPC24","blue"
"LOC101928421","turquoise"
"TSHZ2-AS1","turquoise"
"GAGE12B","pink"
"BIRC3","grey"
"PWWP3B","grey"
"E2F8","blue"
"MAMDC4","blue"
"CTTNBP2","turquoise"
"SCARNA1","turquoise"
"SEC61G","turquoise"
"LOC102723546","brown"
"TTN-AS1","turquoise"
"LOC105370461","turquoise"
"CPE","turquoise"
"STMN1","blue"
"CNGA1","brown"
"GSTT2B","grey"
"XKR9","turquoise"
"ARPP21","blue"
"OXER1","brown"
"SLC1A2-AS1","turquoise"
"ITGA9","yellow"
"IGKV2-30","black"
"IGKV3D-20","black"
"EDIL3","brown"
"ELOA3CP","turquoise"
"COL4A4","yellow"
"MT-TY","grey"
"ZNF331","grey"
"TMEM98","turquoise"
"HSPB8","grey"
"ERRFI1","blue"
"LOC105373116","grey"
"GUSBP15","turquoise"
"CYTIP","yellow"
"MTRNR2L8","purple"
"USP32P1","grey"
"TRMT9B","blue"
"THSD7A","turquoise"
"CDHR5","brown"
"DIAPH3","blue"
"H2BC3","turquoise"
"SNORA28","turquoise"
"RGSL1","grey"
"RRP15","purple"
"FXYD6-FXYD2","grey"
"CXCL13","black"
"LOC105370651","turquoise"
"TSHZ2","turquoise"
"PYROXD2","blue"
"LOC100505985","turquoise"
"TMEM25","blue"
"HSF2BP","turquoise"
"CD44","yellow"
"LINC03135","turquoise"
"LOC107984317","turquoise"
"SLC2A3","red"
"CFB","brown"
"COL8A1","red"
"SHANK2-AS3","turquoise"
"PNPLA7","blue"
"LOC107984113","turquoise"
"FLG","turquoise"
"GRAMD1B","yellow"
"MOXD1","red"
"LRRK2","turquoise"
"OXT","turquoise"
"LOC105375336","blue"
"FUT6","brown"
"IGHV2-70","black"
"PWARSN","turquoise"
"CYP11A1","brown"
"IGHV1-46","black"
"HLA-DQA2","magenta"
"H2AC16","turquoise"
"AOC4P","brown"
"A1CF","brown"
"LINC01818","blue"
"TMED3","turquoise"
"LOC107985862","turquoise"
"DYNC1I1","pink"
"TLCD4","brown"
"TSPEAR-AS1","grey"
"GRHL2","blue"
"IQCN","turquoise"
"NDUFA6-DT","brown"
"SPATA18","blue"
"COL6A6","turquoise"
"PTCHD4","turquoise"
"CA2","brown"
"CPXM1","red"
"LOC105371874","blue"
"TPM2","brown"
"LOC105374423","turquoise"
"LINC01687","turquoise"
"LOC105374610","turquoise"
"EPHX2","brown"
"SLC1A7","grey"
"ZNF727","turquoise"
"MAL2","turquoise"
"SNORA10B","turquoise"
"STEAP2","grey"
"MAPK4","grey"
"SHD","brown"
"GPR37","grey"
"MAP2","blue"
"SOX6","turquoise"
"GPRIN2","green"
"RRP1","purple"
"FMO5","brown"
"PLXDC2","yellow"
"RTL1","turquoise"
"SNCG","turquoise"
"OGN","red"
"DDIT4","grey"
"ADCY10","turquoise"
"GNRHR","turquoise"
"RGS16","grey"
"MYO10","blue"
"MT1DP","blue"
"ESPN","brown"
"POF1B","grey"
"CLSPN","blue"
"TICRR","blue"
"PEG13","turquoise"
"TPTE2P5","blue"
"PAGE1","pink"
"IER3","red"
"FOXN3-AS2","turquoise"
"SLC38A1","brown"
"LOC107985242","turquoise"
"CLEC3B","turquoise"
"TMEM178B","brown"
"LOC102724428","blue"
"LOC105373581","blue"
"NPIPB15","grey"
"CST1","grey"
"BEX3","turquoise"
"EDDM13","turquoise"
"H4C1","turquoise"
"SNORA22C","turquoise"
"B4GALNT4","grey"
"TPPP2","blue"
"LOC100996643","turquoise"
"MIF-AS1","turquoise"
"ENPP7","brown"
"BEX1","grey"
"LOC112268044","turquoise"
"TGILR","turquoise"
"MYCN","blue"
"MT-TG","turquoise"
"ACHE","grey"
"SLC12A5-AS1","brown"
"STEAP3","blue"
"PAIP2B","brown"
"NDC80","blue"
"CFD","magenta"
"ID4","green"
"KCNT2","turquoise"
"H3C11","turquoise"
"BTNL8","grey"
"RPL28","turquoise"
"ANKRD18DP","turquoise"
"MCM2","blue"
"PPP1R9A","brown"
"GPR18","turquoise"
"PLXNA4","yellow"
"MRO","blue"
"SSTR5-AS1","turquoise"
"PHYH","brown"
"CNTNAP3B","turquoise"
"UBE2T","blue"
"LPL","brown"
"MACC1","yellow"
"MMRN1","green"
"AOAH","yellow"
"LINC00342","turquoise"
"LOC101928855","turquoise"
"ABCC2","brown"
"FAM169BP","grey"
"MRGPRF","grey"
"LOC105372143","turquoise"
"LINC00885","blue"
"ARAP2","turquoise"
"TFF3","turquoise"
"RAMP3","blue"
"CES2","brown"
"CSTB","turquoise"
"GLDC","brown"
"SLC16A9","grey"
"SERPING1","brown"
"CHST13","turquoise"
"TEX41","pink"
"B3GALT2","turquoise"
"DPM3","turquoise"
"ACTG2","red"
"SOX5-AS1","turquoise"
"CCN2","red"
"MT-CO1","turquoise"
"IGFBP7-AS1","green"
"ALMS1","turquoise"
"LOC105371271","turquoise"
"HOXD4","blue"
"SPOCK1","brown"
"ERVW-1","turquoise"
"BOK","brown"
"TMPRSS2","brown"
"RORC","brown"
"TINAG","blue"
"S100A10","turquoise"
"KEL","brown"
"DLG2","turquoise"
"LTB","magenta"
"LTBP2","red"
"MT-TQ","grey"
"LOC107984877","turquoise"
"SLFN13","yellow"
"LOC105371754","turquoise"
"ATP5MK","turquoise"
"MICU3","turquoise"
"NAALADL2","turquoise"
"TST","brown"
"ST14","grey"
"LOC105375942","turquoise"
"LOC102723401","turquoise"
"SYNPO2","yellow"
"MT-TR","turquoise"
"DBNDD1","grey"
"CPZ","green"
"CD79A","black"
"SNORA10","turquoise"
"TSL","turquoise"
"LRRC4","turquoise"
"HTRA3","red"
"ARHGEF16","grey"
"H2BC11","turquoise"
"HK3","blue"
"BST2","turquoise"
"RNASE4","brown"
"CHRM3","pink"
"ZNF66","turquoise"
"GINS1","blue"
"COLEC12","brown"
"GLIS3","turquoise"
"LIME1","brown"
"SLC16A12","grey"
"ELOVL2","grey"
"MAGEB2","pink"
"RPL34","turquoise"
"SFMBT2","yellow"
"NRXN3","brown"
"GAS1","green"
"DEPDC7","brown"
"IL33","green"
"EGR3","green"
"ANGPTL7","turquoise"
"CFH","brown"
"CCDC102B","turquoise"
"SYT13","grey"
"LOC105378781","turquoise"
"LINC01239","turquoise"
"GTSE1","blue"
"CACNB2","turquoise"
"KCNMA1","yellow"
"NPIPB5","grey"
"GAL3ST1","turquoise"
"GRAMD1C","blue"
"ARHGEF26","blue"
"STMN2","red"
"AURKAP1","turquoise"
"ISG15","turquoise"
"POU5F1P5","turquoise"
"LOC105378575","blue"
"SLC7A1","brown"
"STPG3","brown"
"IGHJ1","black"
"SNORD148","turquoise"
"ITLN1","blue"
"DNAJC6-AS1","turquoise"
"C1QA","magenta"
"LOC107985949","turquoise"
"PHLDA3","grey"
"LDLRAD4","turquoise"
"ADM2","blue"
"MEP1B","blue"
"LOC107986990","turquoise"
"CLDN14","brown"
"PLXNC1","turquoise"
"RMST","blue"
"SULT4A1","grey"
"PLCB1","pink"
"CDH15","grey"
"RBMS3","yellow"
"JAK3","yellow"
"DNAH1","turquoise"
"SLC25A25","blue"
"SYBU","blue"
"CCDC196","turquoise"
"LOC105375170","turquoise"
"PCNX2","turquoise"
"CYB5A","brown"
"SCML4","yellow"
"ELF3","grey"
"IRX3","grey"
"LOC105375825","grey"
"ANXA8","green"
"ZNF334","grey"
"EMP1","red"
"ADAMDEC1","red"
"ART4","blue"
"TRIP13","blue"
"LOC105373715","turquoise"
"PHLDA1","green"
"MT-TI","turquoise"
"PKHD1L1","yellow"
"ADAMTS10","grey"
"SSTR1","brown"
"NOTCH3","red"
"RAB25","green"
"C5","brown"
"LOC105369194","turquoise"
"STPG3-AS1","brown"
"LOC105374975","turquoise"
"TRPA1","turquoise"
"H2BC9","turquoise"
"CYBA","magenta"
"LOC105370335","turquoise"
"RPL30","turquoise"
"SSPOP","turquoise"
"AQP7","brown"
"CCL5","magenta"
"RPL39L","turquoise"
"SEL1L3","yellow"
"ALPK3","grey"
"KCNJ3","grey"
"GPAM","brown"
"LOC105371566","blue"
"CSPG4","brown"
"EPO","grey"
"ABI3BP","green"
"GPLD1","brown"
"TCF19","blue"
"MOGAT1","turquoise"
"ABCB5","blue"
"EPHX1","brown"
"SNCAIP","turquoise"
"SNORD116-20","turquoise"
"PSAT1","brown"
"LOC105378340","turquoise"
"LINC01831","brown"
"H2BC6","turquoise"
"SLC2A1","brown"
"SLC22A3","brown"
"PHACTR2-AS1","turquoise"
"LRRC37A4P","turquoise"
"CYP21A2","grey"
"TSC22D3","blue"
"MCM10","blue"
"CENPI","blue"
"KCNJ8","brown"
"IGLC5","black"
"LINC00659","grey"
"SYPL2","grey"
"RAB17","brown"
"AGAP11","turquoise"
"PURPL","turquoise"
"SLC22A9","brown"
"FXYD3","grey"
"ADGRD1","grey"
"LOC105373791","red"
"PKM","brown"
"ACAT1","brown"
"OLFML2B","brown"
"FMO1","grey"
"MYOM2","blue"
"NDRG2","brown"
"LOC105369151","yellow"
"FCGBP","grey"
"ANKRD65","turquoise"
"GPNMB","red"
"MEGF6","yellow"
"DPF3","blue"
"HSPA7","grey"
"LOC112267952","turquoise"
"HSPA1B","grey"
"LINC00221","pink"
"IGLV8-61","black"
"RPL8","turquoise"
"MRC2","green"
"YBX2","grey"
"MGAM","grey"
"LOC105377782","grey"
"MIR4709","turquoise"
"LGALS3","red"
"CD84","yellow"
"DDT","brown"
"LOC650226","turquoise"
"PACRG","turquoise"
"BASP1","magenta"
"FOLH1","brown"
"BEND3P3","turquoise"
"LINC00216","turquoise"
"PAGE5","pink"
"AFF3","turquoise"
"CDC45","blue"
"SLAMF7","black"
"MYC","grey"
"STARD10","brown"
"AURKA","blue"
"LTBP4","green"
"CEP55","blue"
"CYP7B1","blue"
"MBL1P","grey"
"PBX1","green"
"ITGA2","brown"
"COX7A2","turquoise"
"GPC4","red"
"HTR1D","blue"
"SELE","green"
"KMT2C","turquoise"
"PPFIA4","brown"
"STK39","brown"
"FCRL3","yellow"
"TENT5C","yellow"
"PTGR1","brown"
"RGS2","red"
"TRG-TCC2-6","turquoise"
"ROBO2","turquoise"
"B3GNT5","brown"
"TM4SF20","grey"
"CLDN5","turquoise"
"LOC105374339","grey"
"ERVFRD-1","turquoise"
"CREB3L1","red"
"HDAC9","yellow"
"CACNA1C","turquoise"
"CACNG4","grey"
"CENPM","blue"
"LDLR","turquoise"
"C1QB","magenta"
"PTK7","grey"
"LOC101928961","turquoise"
"ST7-OT4","turquoise"
"SCUBE3-AS1","turquoise"
"MIR587","turquoise"
"APCDD1","green"
"FABP5","blue"
"CLEC12A","blue"
"CBS","brown"
"FOXO1","turquoise"
"RTN4RL2","turquoise"
"CXCR4","yellow"
"SNORD116-16","turquoise"
"ITGAD","blue"
"AQP7P1","blue"
"DUSP2","yellow"
"ESPL1","blue"
"MLPH","blue"
"PPP1R3B","blue"
"PFN1P2","turquoise"
"CFAP221","turquoise"
"GPAT3","blue"
"LOC112268165","turquoise"
"PDE7B","blue"
"LDHAL6B","turquoise"
"KIF26B","turquoise"
"INPP4B","yellow"
"LOC107985134","turquoise"
"LOC107983976","turquoise"
"WNK3","turquoise"
"GUSBP16","turquoise"
"ADGRG2","turquoise"
"H2BC13","turquoise"
"SEMA3C","red"
"MTRNR2L2","purple"
"HMMR","blue"
"CAP2","blue"
"EMILIN2","turquoise"
"PCCA-AS1","turquoise"
"PPP4R3C","pink"
"ADI1","brown"
"PLAUR","red"
"LOC107985787","turquoise"
"NEK10","turquoise"
"COMMD6","turquoise"
"MUC15","pink"
"ASXL3","turquoise"
"SCN9A","turquoise"
"CLIP4","turquoise"
"E2F7","blue"
"KIF1A","grey"
"PCBD1","turquoise"
"CLDN7","turquoise"
"ITPR3","turquoise"
"STEAP3-AS1","blue"
"LINC01943","turquoise"
"OLR1","red"
"LINC02672","grey"
"ANKRD30A","pink"
"LINC01814","turquoise"
"ZNF750","turquoise"
"HIF3A","turquoise"
"ALDOC","turquoise"
"EGFEM1P","turquoise"
"DMBT1","grey"
"DUSP23","turquoise"
"LOC105376184","blue"
"FGF14","red"
"GASK1A","blue"
"LOC101928361","turquoise"
"NUSAP1","blue"
"UBE2S","blue"
"COX7C","turquoise"
"FCGR3A","magenta"
"AGTR1","brown"
"SMIM32","grey"
"AIRN","turquoise"
"EPB41L1","grey"
"COL4A2","red"
"IRF6","grey"
"ASPN","green"
"LOC107985728","blue"
"KLHL29","turquoise"
"LOC105369801","turquoise"
"ADGRV1","brown"
"C1QC","magenta"
"SLC17A9","brown"
"TM7SF2","turquoise"
"PLIN2","blue"
"PLEKHH2","turquoise"
"FDPSP2","turquoise"
"LOC105374790","turquoise"
"LOC105377177","pink"
"CENPA","blue"
"LINC01612","blue"
"LINC02484","turquoise"
"PER1","blue"
"HAAO","brown"
"LOC105375243","turquoise"
"ADRA1B","blue"
"H2AC8","turquoise"
"KCP","brown"
"TNFRSF11B","grey"
"SORD2P","brown"
"GSTP1","magenta"
"GOLGA6C","blue"
"FAM133CP","turquoise"
"EBF4","green"
"ZNF469","yellow"
"PHLDA2","turquoise"
"ACADS","brown"
"FCRL1","yellow"
"GUSBP2","turquoise"
"GUSBP3","turquoise"
"GDF7","blue"
"SYT2","turquoise"
"MAML2","turquoise"
"MIR5690","turquoise"
"IGLV4-69","black"
"LOC107985779","turquoise"
"NTF3","blue"
"FERMT1","blue"
"LOC102723798","turquoise"
"LINC02336","turquoise"
"VPS13B","turquoise"
"RBM24","blue"
"EHD3","blue"
"TMEM150B","blue"
"SNORA71C","turquoise"
"C12orf75","blue"
"JUNB","green"
"LSAMP","red"
"ZNF385D","turquoise"
"SPOPL-DT","turquoise"
"MMP20-AS1","grey"
"PRKCB","yellow"
"CYBRD1","green"
"SHPRH","turquoise"
"HPS3","brown"
"RIPOR2","yellow"
"SLC1A3","brown"
"MT-TM","grey"
"ANKRD36BP1","turquoise"
"LOC651337","turquoise"
"DUOX1","turquoise"
"XK","grey"
"GREB1","turquoise"
"TAS2R19","turquoise"
"SEMA3B","grey"
"CD4","magenta"
"RNF157","blue"
"LINC00671","brown"
"LOC102724858","pink"
"ARID3C","brown"
"TMEM119","red"
"IFITM2","turquoise"
"PEMT","brown"
"SLC6A1-AS1","turquoise"
"LOC105369697","turquoise"
"TRBC2","black"
"A2MP1","turquoise"
"ANAPC11","turquoise"
"RNF150","yellow"
"SNORA11","turquoise"
"LOC400499","turquoise"
"NPR3","blue"
"LRRK1","yellow"
"DACH1","blue"
"ADAMTS1","yellow"
"ZNF83","grey"
"PVT1","brown"
"MAP7D2","blue"
"LOC105374167","turquoise"
"CYP26B1","grey"
"ATP2A3","yellow"
"ZFP36","green"
"GDNF","grey"
"SYNE2","turquoise"
"SMOC2","red"
"FSTL5","pink"
"NLGN4X","grey"
"GXYLT2","brown"
"NOCT","blue"
"LINC02348","grey"
"DIO2","grey"
"LOC105370780","turquoise"
"LOC105370556","turquoise"
"OBSL1","grey"
"ARMCX3","green"
"FAM9B","blue"
"LOC105371064","turquoise"
"GRIA3","grey"
"LOC102724560","brown"
"TRPM3","turquoise"
"RPS13","turquoise"
"LOC101927190","turquoise"
"RDH5","brown"
"LOC105377267","grey"
"SNORA6","turquoise"
"G6PD","blue"
"PPP2R2C","blue"
"CAT","brown"
"APBA2","yellow"
"ITPR2","turquoise"
"SLC16A7","turquoise"
"BCL11B","yellow"
"SLC16A3","brown"
"LOC100287290","turquoise"
"EBPL","turquoise"
"FHOD3","turquoise"
"GSTM3","turquoise"
"VAMP5","turquoise"
"GPR182","blue"
"MYOF","red"
"H2AC4","turquoise"
"KAZN","blue"
"LGALS1","turquoise"
"LOC105375097","turquoise"
"SYT8","grey"
"ABCA13","turquoise"
"LOC107987134","blue"
"HLA-DQB1-AS1","magenta"
"LOC105375721","turquoise"
"DST","turquoise"
"LOC107984952","purple"
"LOC105371922","turquoise"
"AS-PTPRE","turquoise"
"PLAAT3","turquoise"
"LTK","blue"
"B3GALT5","green"
"TBX3","grey"
"TMC8","yellow"
"MTUS2","turquoise"
"CD8A","black"
"PFN2","turquoise"
"APBA1","blue"
"MAN1C1","blue"
"CEBPA","turquoise"
"LOC284600","grey"
"CNN1","red"
"RAB26","brown"
"LINC02575","grey"
"IGHV5-10-1","black"
"PANK1","brown"
"HS6ST2","brown"
"SORT1","brown"
"GPC5","grey"
"BANK1","yellow"
"ATP5PF","turquoise"
"LINC02604","grey"
"ADRA2B","blue"
"GULP1","grey"
"CEP192P1","grey"
"CCDC198","blue"
"LINC02584","turquoise"
"ANTXR1","red"
"PRR11","blue"
"NELL2","yellow"
"LOC105376257","turquoise"
"PMEPA1","red"
"PDX1","grey"
"LINC02432","grey"
"ZFPM2","yellow"
"NCAPG","blue"
"AMN","turquoise"
"LOC107987166","turquoise"
"CITED4","turquoise"
"CGN","grey"
"DSCAML1","turquoise"
"C1S","brown"
"KRT10","turquoise"
"LOC107985486","turquoise"
"FRMPD1","grey"
"SMLR1","brown"
"EPHB2","grey"
"PANX2","turquoise"
"NALCN","yellow"
"PRDM1","yellow"
"TFF2","grey"
"PCSK6-AS1","turquoise"
"FASN","grey"
"DNAH11","turquoise"
"IGHV3-49","black"
"USP32P2","grey"
"DEPDC1B","blue"
"NFASC","yellow"
"NCAPH","blue"
"LOC101928277","pink"
"TYROBP","magenta"
"ANKRD24","blue"
"ZPLD2P","brown"
"BICDL1","blue"
"LOC105374966","turquoise"
"VTCN1","green"
"PCDH7","yellow"
"LOC105376033","turquoise"
"TPBGL-AS1","brown"
"CFAP20DC-DT","turquoise"
"TTC6","turquoise"
"LOC105373939","turquoise"
"GPR174","yellow"
"MS4A6A","magenta"
"CHSY3","turquoise"
"LOC441081","turquoise"
"SNORA101B","turquoise"
"LINC02912","turquoise"
"LOC107986064","turquoise"
"LCN12","brown"
"DNM1","grey"
"KLHL6","yellow"
"LOC107986065","turquoise"
"SLC9A3-AS1","grey"
"ELOVL7","blue"
"MIR29B2CHG","turquoise"
"MT-CO3","turquoise"
"IGHV4-34","black"
"DNAH14","turquoise"
"MIOX","blue"
"SPATC1","turquoise"
"TMSB4X","turquoise"
"LINC01558","brown"
"PDGFA","blue"
"LOC105369608","blue"
"LOC105369370","grey"
"HSPE1","turquoise"
"TRIM16","blue"
"SDK1","yellow"
"TGFBR3L","brown"
"ARNT2","grey"
"TMEM160","turquoise"
"LOC102725180","turquoise"
"CDK6","turquoise"
"CLEC11A","green"
"DOCK11","yellow"
"LOC105370844","turquoise"
"DZIP1L","turquoise"
"DPYSL3","red"
"DMRTA1","blue"
"SEMA3E","grey"
"CNTN1","grey"
"SLCO2A1","red"
"SLIT2","yellow"
"MAGEA4","pink"
"RCAN1","blue"
"NSFP1","turquoise"
"TJP3","grey"
"NDUFB9","turquoise"
"GABBR1","green"
"ATP13A4","green"
"MYCBP2","turquoise"
"BLK","yellow"
"RRP7BP","purple"
"SEC11C","turquoise"
"PRICKLE2","turquoise"
"CYP19A1","blue"
"H2AC7","turquoise"
"ARHGAP11A","blue"
"GLP1R","blue"
"CYP17A1-AS1","grey"
"LINC02197","turquoise"
"F5","brown"
"CNNM1","grey"
"PFKP","red"
"GAN","turquoise"
"SNORA74D","turquoise"
"ABCC6P1","brown"
"NPSR1-AS1","blue"
"PKD1L2","grey"
"LOC105375347","turquoise"
"PLCZ1","turquoise"
"DAB1","blue"
"TFPI2","blue"
"KLF5","grey"
"GRIN2A","turquoise"
"CYFIP2","blue"
"MAGEA2B","pink"
"CD96","yellow"
"LINC00942","blue"
"LINC00538","turquoise"
"BCAS1","grey"
"SNHG22","turquoise"
"SIGLEC14","yellow"
"ADAMTSL4-AS1","turquoise"
"ITPR1","turquoise"
"LINC01931","turquoise"
"CFAP74","grey"
"C3orf52","brown"
"AMACR","brown"
"MRS2P2","turquoise"
"LOC102724354","turquoise"
"PCDHGB8P","turquoise"
"LOC105374458","turquoise"
"GSTT2","grey"
"PLA2R1","yellow"
"MT-TK","turquoise"
"NXPH4","blue"
"HAS2","red"
"LINC02809","turquoise"
"ZAP70","yellow"
"LOC105373682","brown"
"GPC6-AS2","turquoise"
"COL9A2","brown"
"LINC02532","brown"
"SNORD116-3","turquoise"
"PRO1804","turquoise"
"EPIC1","pink"
"ADGRG6","blue"
"NAV2","turquoise"
"HRCT1","blue"
"SIGIRR","turquoise"
"LOC107985392","turquoise"
"ITGA4","yellow"
"GLUL","grey"
"WNT5A","grey"
"COL6A2","green"
"LOC105373504","turquoise"
"GPX3","turquoise"
"PMCHL2","turquoise"
"GSPT2","blue"
"CYBB","magenta"
"CRACD","yellow"
"RNASE1","turquoise"
"ENO2","grey"
"TSLP","brown"
"CDT1","blue"
"RPL18A","turquoise"
"IGKV1-13","black"
"TREM2","blue"
"IFNG-AS1","yellow"
"ASRGL1","blue"
"LOC100335030","turquoise"
"PCSK5","turquoise"
"SLC22A17","green"
"QDPR","brown"
"TRIM22","yellow"
"LOC105373974","brown"
"FAT3","turquoise"
"RPL35","turquoise"
"HMGA1","blue"
"C13orf46","turquoise"
"LRP4","turquoise"
"ACTR3C","turquoise"
"UGT2B28","grey"
"TMEM176A","turquoise"
"LOC107984591","turquoise"
"ZNF827","yellow"
"LOC105375655","turquoise"
"SLC25A27","turquoise"
"CD34","blue"
"TSPYL6","turquoise"
"INHBA","grey"
"PDLIM3","red"
"CPXM2","green"
"TMEM54","turquoise"
"LOC102723407","black"
"AQP3","brown"
"MPZ","grey"
"PCSK9","grey"
"LOC101927793","blue"
"SLC4A7","turquoise"
"RECQL4","blue"
"CABYR","blue"
"RASGRP1","yellow"
"IGF1R","yellow"
"ANKRD29","grey"
"BBOF1","brown"
"ASF1B","blue"
"GRM8","turquoise"
"CYP27A1","brown"
"JPH1","blue"
"PRUNE2","yellow"
"SNHG5","turquoise"
"ERAP2","grey"
"AKR1C3","yellow"
"IGHJ3P","yellow"
"NIPAL1","brown"
"PDZRN3","green"
"GRID1","grey"
"SNX29P1","turquoise"
"EVC2","turquoise"
"MAGEA2","pink"
"EVA1A","brown"
"DSG2","grey"
"LOC389834","turquoise"
"SLC16A2","brown"
"CELF2","yellow"
"NPY6R","grey"
"L3MBTL4-AS1","turquoise"
"PLXNB3","grey"
"TUSC3","green"
"PDPR2P","turquoise"
"POTEE","pink"
"IFIT1","brown"
"STC1","blue"
"SNORD116-24","turquoise"
"GALNT15","turquoise"
"NTM","red"
"PNMA5","pink"
"ATF3","green"
"SNORD21","turquoise"
"ADAM12","red"
"SYT12","grey"
"IGHD","black"
"CYP2U1-AS1","turquoise"
"SMIM18","turquoise"
"HPN-AS1","brown"
"LINC02753","turquoise"
"CNTNAP3P2","turquoise"
"CNKSR1","blue"
"ZEB2","yellow"
"LPAR1","yellow"
"GALNTL6","blue"
"ECHS1","brown"
"SLC19A3","blue"
"SLC6A6","yellow"
"MDFI","red"
"LEF1","brown"
"SIM1","grey"
"PREX2","turquoise"
"SPSB4","blue"
"SLC11A1","grey"
"NPNT","grey"
"RAB34","turquoise"
"ME1","grey"
"RPS15","turquoise"
"C1orf116","grey"
"PARP15","yellow"
"MIR611","turquoise"
"LOC107987043","turquoise"
"KCNS2","turquoise"
"HOMER2","blue"
"LOC105370047","turquoise"
"ACAA1","brown"
"LOC105374773","turquoise"
"MAP1A","red"
"CCL18","grey"
"SOD1-DT","turquoise"
"LOC105377299","turquoise"
"SCARNA11","turquoise"
"TRAC","black"
"LAGE3","turquoise"
"TRE-TTC2-1","purple"
"LOC102724638","black"
"HLA-DQB2","magenta"
"ALDH1B1","brown"
"CRACR2A","turquoise"
"CSAG2","pink"
"RUNX1-IT1","turquoise"
"LRRC1","blue"
"LOC105376090","turquoise"
"LRBA-AS1","turquoise"
"CD22","yellow"
"LOC101927627","turquoise"
"GPSM1","grey"
"REN","turquoise"
"ARSL","brown"
"HS3ST3B1","blue"
"ARL4D","turquoise"
"EMX1","turquoise"
"CFI","brown"
"LOC105372226","turquoise"
"LOC101928266","turquoise"
"SIGLEC1","yellow"
"XRCC2","blue"
"CLVS2","grey"
"CYS1","green"
"CHLSN-AS1","turquoise"
"TMC4","grey"
"HLA-DRB1","magenta"
"HMGN5","turquoise"
"LOC107986087","turquoise"
"HSPA6","brown"
"FBXO27","turquoise"
"CACNA1I","turquoise"
"RPL29","turquoise"
"BHLHE41","red"
"ZDHHC11","turquoise"
"KRT17","brown"
"IGLV7-46","black"
"BAMBI","turquoise"
"IER3-AS1","turquoise"
"LOC105369305","turquoise"
"KCNJ5","brown"
"XAF1","yellow"
"KPNA2","blue"
"LOC105369668","blue"
"LINC01320","grey"
"RCL1","blue"
"LINC01876","turquoise"
"LSM3","turquoise"
"AGPAT2","turquoise"
"LOC105370500","turquoise"
"MYEF2","brown"
"SRXN1","blue"
"LOC105378773","brown"
"IL1RL1","yellow"
"IGHV6-1","black"
"LOC105370557","turquoise"
"FGGY","turquoise"
"SAMD9L","yellow"
"UBA52","turquoise"
"PPL","blue"
"LOC105373170","turquoise"
"LOC105378726","turquoise"
"ABCC4","brown"
"CAPN3","blue"
"ANXA8L1","green"
"IGFN1","red"
"SCP2","brown"
"LOC107985561","turquoise"
"CARD11","yellow"
"PRAMEF4","grey"
"RRP36","purple"
"AXL","yellow"
"DNAJC6","blue"
"CSRNP1","blue"
"NME1-NME2","turquoise"
"RPL41","turquoise"
"MKRN3","pink"
"LARGE2","grey"
"CSF2RB","yellow"
"RBP5","brown"
"TBX4","blue"
"MSMO1","brown"
"ACY3","brown"
"SNORA70G","turquoise"
"CSMD2","brown"
"MTRNR2L10","grey"
"PA2G4P4","turquoise"
"RPS23","turquoise"
"BCAM","turquoise"
"LOC105371090","turquoise"
"LOC105376781","turquoise"
"TANC2","turquoise"
"LOC107987083","turquoise"
"FMO2","blue"
"CAVIN2-AS1","turquoise"
"HOXD9","blue"
"LOC105372061","grey"
"EPSTI1","yellow"
"WDR62","blue"
"LYNX1","brown"
"CD36","grey"
"COL4A2-AS2","turquoise"
"PAPPA","turquoise"
"LOC105379346","turquoise"
"TXN","turquoise"
"OASL","blue"
"LOX","brown"
"ATP5MJ","turquoise"
"SNORA5A","turquoise"
"CCDC144CP","turquoise"
"LINC02966","turquoise"
"LOC145474","turquoise"
"LINC02593","blue"
"PRH2","turquoise"
"VPS13C","turquoise"
"EFNA5","yellow"
"LOC107984006","turquoise"
"HTR2A","turquoise"
"SEMA4D","yellow"
"VLDLR","brown"
"TAGAP","yellow"
"PPP1R3C","brown"
"EFCAB13","turquoise"
"CDH6","grey"
"SNORD116-15","turquoise"
"ZNF808","turquoise"
"NME2","turquoise"
"LOC105377548","turquoise"
"ASL","brown"
"KLF15","brown"
"SNORA26","turquoise"
"KLF4","green"
"LOC105370826","turquoise"
"DKK3","red"
"GAGE12C","pink"
"HOTTIP","blue"
"AQP1","green"
"CR2","yellow"
"FRMPD2B","turquoise"
"IGHV4-30-2","black"
"DUSP4","red"
"LOC101929819","turquoise"
"SRCIN1","grey"
"ZBP1","yellow"
"FKBP10","red"
"GCH1","blue"
"LOC105373347","blue"
"FAM83D","blue"
"ZNF676","pink"
"CEBPD","turquoise"
"MTHFD1","brown"
"DLSTP1","turquoise"
"SCAMP5","turquoise"
"COX6C","turquoise"
"LOC107987054","turquoise"
"RAPH1","turquoise"
"SMPX","grey"
"HLA-DRA","magenta"
"LOC107986201","blue"
"PDE4B","yellow"
"LINC00313","turquoise"
"LOC399975","turquoise"
"DNHD1","turquoise"
"RND1","brown"
"SP5","yellow"
"ADAMTSL1","turquoise"
"IGFBP5","green"
"SOD1","brown"
"MDGA1","grey"
"BRCA2","turquoise"
"PRB2","turquoise"
"H2AX","blue"
"GJB2","brown"
"LIPG","brown"
"TRABD2B","blue"
"C2CD4A","grey"
"ERLNC1","brown"
"SNORD116-8","turquoise"
"SGCD","green"
"WWOX-AS1","turquoise"
"UQCR11","turquoise"
"LOC105375127","turquoise"
"ACSL6","grey"
"DISC1","turquoise"
"LOC100287036","turquoise"
"ZMAT1","turquoise"
"SDSL","brown"
"MCTP1","turquoise"
"PRSS22","green"
"CRYAB","green"
"SLC28A3","green"
"HHIPL2","turquoise"
"HSD3BP4","turquoise"
"FSTL3","green"
"LHX2","blue"
"CD226","yellow"
"GPRC5A","red"
"KCNJ4","yellow"
"DNM3OS","yellow"
"SERPINA12","grey"
"LOC441666","pink"
"FOXM1","blue"
"LGI4","grey"
"HLA-V","grey"
"TRABD2A","grey"
"PDE3A","turquoise"
"ENPP3","grey"
"TEK","blue"
"LOC107986446","turquoise"
"SCTR","turquoise"
"GOLGA6B","blue"
"LOC105371637","turquoise"
"LOC105373785","turquoise"
"VGLL3","red"
"FCGR3B","magenta"
"LOC107985977","turquoise"
"ADAMTS9-AS2","turquoise"
"SPATA13-AS1","turquoise"
"LOC105372770","turquoise"
"LOC107986126","blue"
"ZSCAN25","turquoise"
"LOC105374418","turquoise"
"MYO7B","turquoise"
"FAM171A1","grey"
"GOLGA6A","blue"
"SLC23A2","blue"
"IL1RAP","blue"
"EYS","turquoise"
"GAGE1","pink"
"ANKRD1","grey"
"MPC1","brown"
"IL4I1","turquoise"
"NCR3LG1","turquoise"
"RPS15A","turquoise"
"SKA3","blue"
"DBN1","brown"
"TYRO3","brown"
"TP53TG1","turquoise"
"LOC107984079","blue"
"LOC105375530","turquoise"
"PTCHD1","turquoise"
"RPL37A","turquoise"
"ENPP2","grey"
"MUC20","grey"
"SCAPER","turquoise"
"MYO16","blue"
"GRHPR","brown"
"IGFBP7","green"
"NLRP6","grey"
"EPB41L4B","brown"
"NBPF26","turquoise"
"TKFC","brown"
"LINC02915","turquoise"
"DNAH6","turquoise"
"SNX29","turquoise"
"LOC105373680","turquoise"
"SNORD8","turquoise"
"FAM239B","grey"
"FOXP1-AS1","turquoise"
"KIAA1549","grey"
"DDTL","brown"
"SKAP1","blue"
"CD38","yellow"
"CTXND1","brown"
"CCL4L2","green"
"KCNJ15","green"
"ECE1-AS1","turquoise"
"LOC105372049","brown"
"EPS8L1","grey"
"FCER1G","magenta"
"MIR99AHG","blue"
"LOXL1","red"
"MEI1","yellow"
"PDIA2","grey"
"MIR9898","turquoise"
"FGFR3","grey"
"MYO15A","blue"
"DUSP8","grey"
"DAPK1-IT1","turquoise"
"GOT1","brown"
"NPM2","grey"
"NDUFS6","turquoise"
"TLX1","grey"
"BICD1","turquoise"
"SPECC1","turquoise"
"FITM1","brown"
"TM4SF1","turquoise"
"CSF3R","magenta"
"FAM118A","grey"
"KLF2","green"
"LOC102723576","blue"
"ACAN","brown"
"SNORD116-18","turquoise"
"CADPS","grey"
"NOL4","blue"
"LOC102723406","turquoise"
"MTUS1-DT","turquoise"
"LOC112268015","turquoise"
"RGPD1","blue"
"LOC105375166","turquoise"
"FAM169A","turquoise"
"TUBA1B","turquoise"
"TRIM16L","blue"
"CDH23","blue"
"SELENBP1","brown"
"LOC105377374","turquoise"
"LOC100505716","turquoise"
"LOC105371119","turquoise"
"LOC107987234","turquoise"
"PAQR5","grey"
"PSTPIP1","yellow"
"NUTM2G","turquoise"
"LOC105373134","blue"
"GZMK","black"
"TUBB3","brown"
"SNHG14","turquoise"
"RPS27","turquoise"
"PLEKHG4B","turquoise"
"ZNF471","turquoise"
"SEPT5-GP1BB","blue"
"CRACR2B","grey"
"LOC105373973","turquoise"
"SPDYE1","turquoise"
"SSX2","pink"
"PPP1R14A","turquoise"
"CAMK2N1","turquoise"
"IL27","brown"
"RPS14","turquoise"
"SGCE","blue"
"CYP4X1","blue"
"LOC107987299","turquoise"
"HOMER1","turquoise"
"LINC01980","pink"
"PTPN14","brown"
"FEZF1-AS1","grey"
"SLC12A1","grey"
"SEMA4A","yellow"
"CGREF1","brown"
"FNDC4","brown"
"LOC105372521","turquoise"
"IER2","turquoise"
"LOC105377261","pink"
"KCNE1","turquoise"
"EPB41L3","yellow"
"C4B","brown"
"EPHB6","grey"
"LOC107984635","turquoise"
"LOC100505498","pink"
"SELENOW","turquoise"
"NME1","turquoise"
"KIF18A","blue"
"BRD7P3","turquoise"
"LINC01147","turquoise"
"LMOD1","red"
"LOC101927536","blue"
"PRKAR2B","blue"
"LOC105373903","blue"
"CPNE7","grey"
"ZC3H13","turquoise"
"LOC105374879","grey"
"CC2D2B","turquoise"
"RNU5D-1","turquoise"
"HNF1A-AS1","grey"
"GHRHR","grey"
"ZNF99","grey"
"LINC01043","turquoise"
"H2BC21","turquoise"
"SPATA46","turquoise"
"PLEKHB1","grey"
"CKS2","turquoise"
"CCNE1","blue"
"HERC2P3","turquoise"
"MANF","turquoise"
"HAVCR1","brown"
"PLK1","blue"
"ALDH1A1","brown"
"LOC105371981","turquoise"
"ADAMTS12","yellow"
"IMMP2L","turquoise"
"LOC105370823","turquoise"
"LINC01767","blue"
"MAP3K5","turquoise"
"RPL17","turquoise"
"LOC107985043","turquoise"
"MIR1282","turquoise"
"ADAM33","green"
"IL17RE","turquoise"
"ABLIM3","blue"
"PLEKHS1","brown"
"ATP5MC1","turquoise"
"LOC105375740","turquoise"
"PTPRB","yellow"
"DCXR-DT","brown"
"NTSR1","turquoise"
"LOC107985957","turquoise"
"TSPAN7","purple"
"GOLGA8Q","turquoise"
"CDKN2C","blue"
"MYO1A","blue"
"CDCP1","red"
"SNORD116-9","turquoise"
"C4A","brown"
"PLN","red"
"F3","green"
"GRIK1","turquoise"
"ALAS1","blue"
"RNVU1-19","turquoise"
"LINC01224","blue"
"LOC105370664","turquoise"
"RGL3","grey"
"LINC02937","turquoise"
"LOC107984903","turquoise"
"LOC107984372","turquoise"
"BEAN1","turquoise"
"TRPM2","brown"
"ACP5","magenta"
"PDE2A","blue"
"KMO","blue"
"CIT","blue"
"DLG2-AS2","turquoise"
"NDUFC2-KCTD14","turquoise"
"RASGEF1B","blue"
"LOC105377890","turquoise"
"MTCL1","turquoise"
"HSPA1A","grey"
"STAB1","yellow"
"YBX3","red"
"FLNA","red"
"LOC107986918","turquoise"
"SCNN1D","grey"
"LOC101929109","turquoise"
"LOC728989","blue"
"CDH1","brown"
"MAD2L1","blue"
"SESN3","turquoise"
"BAZ2B","turquoise"
"DHODH","brown"
"PKIB","grey"
"MROH6","grey"
"MPDZ","blue"
"C1orf210","turquoise"
"SPON2","turquoise"
"LOC105375463","turquoise"
"PDPN","red"
"IGKV1D-13","black"
"LINC02015","turquoise"
"CCDC170","grey"
"INHBB","grey"
"MFAP2","red"
"PGM5","blue"
"AADACP1","brown"
"MX1","yellow"
"EGF","blue"
"LOC729732","turquoise"
"COL6A1","green"
"LOC105378604","turquoise"
"SNAP25","grey"
"DNPH1","turquoise"
"CALHM6","magenta"
"OLFML2A","blue"
"DYNLT4","turquoise"
"ATP6V0D2","brown"
"DGKH","turquoise"
"ONECUT2","grey"
"LOC105369782","turquoise"
"CEACAM16","turquoise"
"LINC01238","turquoise"
"LRRC31","grey"
"TMEM100","blue"
"LOC105375126","turquoise"
"CCDC158","turquoise"
"P4HA1","turquoise"
"OSMR","yellow"
"LINC01632","grey"
"C2orf72","brown"
"LOC107984574","turquoise"
"RHOB","blue"
"GNAT1","turquoise"
"NXF3","blue"
"CMAHP","turquoise"
"KLRC4-KLRK1","yellow"
"NEIL3","blue"
"SHCBP1","blue"
"BIRC6","turquoise"
"ALS2CL","grey"
"ME3-DT","turquoise"
"FGF7","red"
"PLA2G12B","brown"
"RPS18","turquoise"
"CCDC88C","yellow"
"ATP6V0C","turquoise"
"LOC105373342","turquoise"
"NDRG1","blue"
"F2RL1","grey"
"LMO3","turquoise"
"LGALS3BP","grey"
"CHML","turquoise"
"EYA4","pink"
"NHERF2","brown"
"CASP16P","brown"
"HES4","turquoise"
"LOC105375026","brown"
"ATP1A2","grey"
"LINC01451","grey"
"BANF1","turquoise"
"LOC101928669","turquoise"
"RPL17-C18orf32","turquoise"
"SEMA6C","grey"
"TSPO","turquoise"
"BMS1P21","turquoise"
"ATAD2B","turquoise"
"ABCB1","grey"
"NPTN-IT1","turquoise"
"SAMSN1","yellow"
"LOC107986997","turquoise"
"HIVEP3","turquoise"
"THSD4","turquoise"
"RPSA","turquoise"
"SSX2B","pink"
"DYNLT5","blue"
"PRDM16","grey"
"SIGLEC11","blue"
"RPLP1","turquoise"
"KNTC1","turquoise"
"GCDH","brown"
"GSDMB","grey"
"COX6A2","turquoise"
"LOC102723985","turquoise"
"RASAL1","grey"
"IGKV2-29","black"
"RPL39","turquoise"
"TPTE","pink"
"LOC101927078","blue"
"LOC107986454","turquoise"
"LDOC1","green"
"LOC105369509","turquoise"
"LINC02037","brown"
"CHD9","turquoise"
"FTL","turquoise"
"LOC105377885","pink"
"LOC101929098","blue"
"GPX1","turquoise"
"TMEM106C","turquoise"
"FCGR2C","yellow"
"LINC03027","blue"
"RPS8","turquoise"
"RAB3C","grey"
"CERCAM","red"
"ODF2L","yellow"
"KIF21B","turquoise"
"LINC00319","turquoise"
"RGPD3","turquoise"
"DLGAP2","turquoise"
"COX6A1","turquoise"
"ITGA3","red"
"ITGA11","red"
"PNPLA3","turquoise"
"ASCL1","grey"
"AGMO","brown"
"LINGO1","blue"
"TXNRD1","blue"
"MRPL41","turquoise"
"CCDC171","turquoise"
"KCNH8","turquoise"
"VWDE","turquoise"
"TMEM132A","brown"
"IHH","turquoise"
"SLC12A2","turquoise"
"DGKA","yellow"
"SMCR5","turquoise"
"COL5A2","brown"
"SRD5A1","brown"
"BDKRB2","grey"
"TMEM220","brown"
"KIF11","blue"
"ANXA3","green"
"PNMA6A","grey"
"LOC105371629","turquoise"
"CLDN18","turquoise"
"LOC102724813","pink"
"TFEC","yellow"
"WDFY3","turquoise"
"LOC101927942","brown"
"EPHA2","green"
"LNCRI","turquoise"
"SSC5D","green"
"MS4A7","magenta"
"NBPF12","turquoise"
"ALOX5","yellow"
"CD6","yellow"
"EREG","grey"
"LOC105374317","turquoise"
"COMT","turquoise"
"CAMKMT","turquoise"
"PRKCQ","yellow"
"IGKV1D-12","black"
"S100A4","magenta"
"RNF125","blue"
"FGL2","magenta"
"LOC107985289","turquoise"
"THRB-AS2","turquoise"
"TTC9","grey"
"TMSB10","turquoise"
"HCG4","grey"
"PRKG1","yellow"
"LAMA1","yellow"
"LINC00861","yellow"
"SUSD3","grey"
"GLYATL1-AS1","turquoise"
"CH17-125A10.2","grey"
"ACKR4","turquoise"
"AOC1","grey"
"PWAR6","turquoise"
"SLC45A4","brown"
"MITA1","turquoise"
"COL9A3","grey"
"DGKG","turquoise"
"LOC105375532","turquoise"
"SRGAP1","turquoise"
"PGAP4","grey"
"SLA","yellow"
"IGKV2-24","black"
"NRON","turquoise"
"ITPKB","yellow"
"LOC730101","grey"
"SLC9A9","yellow"
"TGFB2","brown"
"SPDYE6","turquoise"
"GADD45A","brown"
"BLTP1","turquoise"
"MAPK10","yellow"
"GOLGA8M","turquoise"
"LOC105374140","turquoise"
"ITGB3","turquoise"
"ZNF91","turquoise"
"LOC107984209","turquoise"
"LOC101928505","brown"
"SC5D","brown"
"DSEL","blue"
"ADHFE1","brown"
"POPDC3","blue"
"RPS3","turquoise"
"CECR7","pink"
"LOC105375818","turquoise"
"DNMT3L","brown"
"ABCC6","brown"
"MZT2B","turquoise"
"MTMR11","grey"
"SNORD141A","turquoise"
"PIK3CG","yellow"
"LOC100303749","turquoise"
"CASR","grey"
"SEMA6D","blue"
"RAP1GAP","grey"
"REV3L","turquoise"
"CISH","grey"
"MIATNB","turquoise"
"TRBC1","black"
"LOC107984192","pink"
"EIF5A2","blue"
"CCND1","grey"
"USP12-AS1","turquoise"
"ARRDC3-AS1","turquoise"
"SNORD116-17","turquoise"
"FUT8","yellow"
"ENAH","blue"
"CD3E","black"
"DDX60","turquoise"
"H3P6","turquoise"
"C1QTNF3-AMACR","brown"
"DNAH2","yellow"
"RGPD2","blue"
"AGMAT","brown"
"HSD17B3","grey"
"NRSN2","blue"
"VKORC1","turquoise"
"AREG","red"
"VSNL1","turquoise"
"ITGB4","brown"
"LOC105370460","turquoise"
"ZNF782","turquoise"
"CCL15","turquoise"
"FAM185BP","turquoise"
"MIR100HG","turquoise"
"DLEC1","brown"
"PLA2G2D","black"
"STEAP1","turquoise"
"LOC105370108","turquoise"
"LDLRAD1","blue"
"LINC01252","turquoise"
"LINC02939","turquoise"
"TNIK","turquoise"
"ZNF221","turquoise"
"NLRC5","turquoise"
"ALDH4A1","brown"
"HYAL1","brown"
"CRYBG2","blue"
"MYDGF","turquoise"
"ITGAX","yellow"
"RGS4","red"
"ADRA2C","grey"
"ZNF483","turquoise"
"IGDCC4","brown"
"ABCA1","turquoise"
"FIGNL2","blue"
"CDCA3","blue"
"CDC25C","blue"
"PYCARD","turquoise"
"KYNU","blue"
"FCMR","yellow"
"PTPN22","yellow"
"SDR42E1","grey"
"BACH1-IT2","turquoise"
"SHROOM2","turquoise"
"FAM239C","grey"
"LOC102724379","blue"
"HIVEP1","turquoise"
"MAFA","grey"
"MIR6081","turquoise"
"TKT","blue"
"CCND2","yellow"
"CREB5","turquoise"
"DHRS1","brown"
"CREB3L2-AS1","turquoise"
"TSPEAR-AS2","grey"
"ENTPD8","brown"
"EPN2-AS1","turquoise"
"LOC101928051","turquoise"
"CFAP90","turquoise"
"HSH2D","yellow"
"SLCO2B1","blue"
"ZFHX3-AS1","turquoise"
"CKMT1B","blue"
"BMS1P14","turquoise"
"PAGE2B","pink"
"PLPPR1","grey"
"NIBAN1","red"
"SNORD116-21","turquoise"
"LOC374443","turquoise"
"MIR181A1HG","turquoise"
"SHH","brown"
"SCIRT","blue"
"LOC105371692","turquoise"
"TBX3-AS1","turquoise"
"LOC731075","turquoise"
"CCDC85B","turquoise"
"SLC47A1","brown"
"FOLR2","magenta"
"SAPCD2","blue"
"FILIP1L","yellow"
"PLXNA3","brown"
"GOLM1","grey"
"OCA2","grey"
"FKBP1AP1","turquoise"
"NDN","green"
"GABRA2","grey"
"CRYL1","brown"
"ELAPOR2","yellow"
"CAVIN2","blue"
"CCL28","grey"
"LOC105379426","turquoise"
"LOC388282","turquoise"
"LOC105375566","turquoise"
"TPSAB1","magenta"
"UBL5","turquoise"
"LOC105369354","turquoise"
"IFI30","turquoise"
"ADRA2A","green"
"ITPRIP-AS1","turquoise"
"SPDYE5","turquoise"
"RTKN2","blue"
"SCART1","turquoise"
"HLA-DRB6","magenta"
"LOC105374304","brown"
"MAPK12","blue"
"SLC1A5","brown"
"EOLA2-DT","turquoise"
"VANGL2","grey"
"MYL9","green"
"METRNL","red"
"GK3","turquoise"
"MIR6084","brown"
"NDUFB1","turquoise"
"LOC101927950","turquoise"
"RALGPS2-AS1","turquoise"
"FRYL","turquoise"
"ACACB","blue"
"KRT80","grey"
"PLAU","red"
"LOC105370569","turquoise"
"C20orf204","blue"
"IL2RG","black"
"KLB","grey"
"SLC7A8","blue"
"IL10RA","yellow"
"QPRT","turquoise"
"CPLX1","grey"
"RNF213","turquoise"
"SALL1","brown"
"HAPLN3","red"
"SRGN","magenta"
"TCEAL9","turquoise"
"SEPTIN5","blue"
"LARP6","turquoise"
"SNORA65","turquoise"
"TPSB2","turquoise"
"TMEM47","blue"
"BMS1P1","turquoise"
"CCL3","green"
"H3C13","turquoise"
"IKZF2","turquoise"
"SNRPF","turquoise"
"ZNF233","turquoise"
"RPS5","turquoise"
"CST3","turquoise"
"GUCA2B","turquoise"
"CCDC177","grey"
"SELP","green"
"RDH10-AS1","turquoise"
"IL12RB2","turquoise"
"IRAK3","yellow"
"STRA6","brown"
"SEC14L3","brown"
"LOC107986970","turquoise"
"CHAD","brown"
"MX2","yellow"
"ASNSP1","pink"
"FGD2","yellow"
"MIR6717","brown"
"LOC105376411","turquoise"
"SPTBN5","turquoise"
"GABARAPL1","blue"
"LOC105372857","grey"
"MIR4761","turquoise"
"CYP1B1","grey"
"IGFBP6","green"
"GDAP1L1","turquoise"
"BTNL9","turquoise"
"MS4A4E","yellow"
"CYTOR","brown"
"RABAC1","turquoise"
"CTAG1B","pink"
"LOC107985840","turquoise"
"HERC1","turquoise"
"STRIP2","blue"
"LDHB","magenta"
"ALDH1A3","green"
"H3C1","turquoise"
"FKBP5","turquoise"
"TSPOAP1","grey"
"DPYD-AS2","turquoise"
"LOC101929805","turquoise"
"LOC107985675","turquoise"
"MIR194-2HG","magenta"
"CACNA2D1","yellow"
"EIF4EBP1","turquoise"
"B4GALNT1","blue"
"ATP8A1","yellow"
"CALR4P","turquoise"
"LOC105374121","turquoise"
"ZFHX4","turquoise"
"PRB1","turquoise"
"NR3C2","blue"
"CNTNAP3","turquoise"
"SORBS2","blue"
"OLFM1","green"
"STARD9","turquoise"
"LINC01004","turquoise"
"TNRC6B","turquoise"
"B3GAT1-DT","brown"
"SDK2","yellow"
"ALG1L1P","blue"
"FGFR1","red"
"LOC105376830","turquoise"
"NTRK3","yellow"
"TRIB3","yellow"
"RIMBP2","grey"
"FBXO43","blue"
"EMB","yellow"
"KCNRG","turquoise"
"RPL7","turquoise"
"IL22RA1","grey"
"IFITM1","magenta"
"PTK6","grey"
"PKP3","grey"
"SLC4A3","grey"
"UBASH3A","yellow"
"LOC101059915","pink"
"MYO9A","turquoise"
"LINC00665","blue"
"LOC105373673","turquoise"
"WLS","grey"
"RPL23","turquoise"
"LOC101927790","turquoise"
"RPL36A","turquoise"
"MEX3A","blue"
"GUCY1A2","turquoise"
"FLRT3","grey"
"LINC00645","pink"
"ABR-AS1","turquoise"
"LOC107985002","turquoise"
"LOC100128653","turquoise"
"LINC00482","grey"
"ANXA2","blue"
"GALK1","turquoise"
"SEMA3A","red"
"NLRP2","grey"
"CRIP3","turquoise"
"RPS6KA6","blue"
"SNORA86","turquoise"
"UBE2Q2P1","turquoise"
"CHD9NB","blue"
"ELOA2","turquoise"
"SSTR2","grey"
"HLA-DOA","magenta"
"EXOSC4","turquoise"
"MAP1LC3A","turquoise"
"BICDL2","grey"
"RACGAP1","blue"
"LOC107985488","turquoise"
"CTSV","blue"
"LOC105371225","blue"
"ASTL","yellow"
"LOC107985792","blue"
"BDH2","blue"
"UBE2E2","turquoise"
"ZNF714","turquoise"
"DPEP1","red"
"LOC112268071","pink"
"TMT1B","brown"
"ZSWIM5","blue"
"PLCB2","yellow"
"PTPRB-AS1","turquoise"
"ANKS4B","brown"
"MIR4435-2HG","brown"
"LOC105379283","turquoise"
"UQCRB","turquoise"
"MACF1","turquoise"
"ZNF43","turquoise"
"SLCO4A1","yellow"
"STAT4","yellow"
"LINC01608","pink"
"PLBD1","grey"
"NRXN2","grey"
"TMEM256","turquoise"
"MSR1","yellow"
"TBC1D32","turquoise"
"LOC101930091","turquoise"
"H2AC19","turquoise"
"MSC-AS1","grey"
"PRR15L","grey"
"L3MBTL4","turquoise"
"FRRS1L","grey"
"CHRNG","turquoise"
"ATP5F1E","turquoise"
"CH25H","green"
"RPS17","turquoise"
"XYLT1","yellow"
"DGKB","turquoise"
"CKS1B","turquoise"
"CLMAT3","red"
"SLIT3","yellow"
"IFI44","yellow"
"LCMT1-AS2","turquoise"
"SOWAHB","brown"
"ADGRB3","yellow"
"SNORA9","turquoise"
"WNT4","yellow"
"TAS2R46","turquoise"
"OSBPL3","brown"
"LAG3","blue"
"SLC16A10","grey"
"COTL1","magenta"
"TMEM176B","turquoise"
"TIMP2","red"
"IFI27L2","turquoise"
"LHFPL2","brown"
"SLAMF6","yellow"
"MIR650","black"
"NLRP1","yellow"
"GCAT","turquoise"
"BDP1","turquoise"
"LOC102723389","blue"
"IFNK","turquoise"
"MELTF","brown"
"OAF","brown"
"SNORA40","turquoise"
"CBFA2T3","blue"
"ZNF711","grey"
"LGSN","blue"
"TRE-TTC2-2","purple"
"PPM1H","grey"
"ACKR1","red"
"IL2RB","yellow"
"H2AC18","turquoise"
"SNRPE","turquoise"
"CD52","magenta"
"PLCB4","red"
"BRSK2","turquoise"
"ODAM","grey"
"SNORA33","purple"
"NCKAP1L","yellow"
"CXCL11","black"
"SAA3P","grey"
"LY9","yellow"
"DAGLA","brown"
"SLC13A2","grey"
"LOC112268432","brown"
"MIR30DHG","turquoise"
"MIR621","brown"
"CMKLR2-AS","pink"
"CYP4V2","blue"
"LOC105376266","turquoise"
"HS3ST3A1","turquoise"
"CES5A","brown"
"POU2AF3","blue"
"KLRK1","yellow"
"ACKR3","grey"
"NAV2-AS4","turquoise"
"ENPP5","grey"
"PRKCE","turquoise"
"LOC105370821","turquoise"
"COPS9","turquoise"
"MYH7B","turquoise"
"AMOTL1","turquoise"
"NPIPB13","grey"
"CPT1B","grey"
"RHOXF2","turquoise"
"CCL25","grey"
"LURAP1L-AS1","turquoise"
"PTGES","grey"
"TRIM9","grey"
"RRP9","purple"
"SCN3A","turquoise"
"HUNK","grey"
"RPL26","turquoise"
"FCN1","yellow"
"TPM1-AS","turquoise"
"ATP10A","yellow"
"DHCR7","yellow"
"SNORA61","purple"
"ASB4","grey"
"HLA-G","grey"
"ARHGAP9","yellow"
"RUNDC3B","blue"
"MTHFD1L","brown"
"CIP2A","blue"
"SPEG","green"
"PPP1R16B","yellow"
"NFAM1","magenta"
"SNORD105B","turquoise"
"LOC101927560","turquoise"
"RCN3","grey"
"ROR2","red"
"VEGFB","turquoise"
"CDKN1A","grey"
"ESYT3","turquoise"
"SYTL5","blue"
"RHOH","yellow"
"LOC107984449","pink"
"TG","turquoise"
"OAS2","yellow"
"GCHFR","turquoise"
"LOC105372884","turquoise"
"C6orf132","grey"
"CC2D2A","turquoise"
"LOC107984830","blue"
"KLHL3","yellow"
"ZIM2","turquoise"
"ZNF239","grey"
"MSRB1","turquoise"
"ZNF726","grey"
"LRBA","turquoise"
"RGS5","grey"
"GJC1","brown"
"LOC102723846","pink"
"RPS15AP10","turquoise"
"LOC107984889","turquoise"
"LOC105373674","turquoise"
"SNORA2A","turquoise"
"MAPT","blue"
"THEMIS2","yellow"
"LAMTOR5","turquoise"
"H3C8","turquoise"
"GMNC","brown"
"MTCL2","brown"
"LOC105374914","turquoise"
"TCF21","green"
"TEX11","pink"
"MPST","turquoise"
"ACTA2","red"
"LIMS2","brown"
"TMEM184A","grey"
"LYST","turquoise"
"ITGB6","grey"
"ABCD2","yellow"
"AKAP6","turquoise"
"ETS2-AS1","turquoise"
"LOC105372768","turquoise"
"DDR1","grey"
"LOC107986528","brown"
"RAPGEF6","turquoise"
"IGHV4-28","black"
"PCSK6","brown"
"THSD4-AS2","turquoise"
"CAPN12","grey"
"CNKSR2","grey"
"PCDH17","turquoise"
"CACNA1E","grey"
"TMEM30B","brown"
"IL21R","yellow"
"TBL1Y","grey"
"LOC105375211","turquoise"
"NPIPB4","grey"
"BAALC","grey"
"LOC105369983","blue"
"COL28A1","turquoise"
"FAM13A","blue"
"SPON1","yellow"
"SPATA41","brown"
"GLYCTK","brown"
"BTBD18","turquoise"
"UVSSA","turquoise"
"RNF5","turquoise"
"EBP","turquoise"
"GPR35","brown"
"MDN1-AS1","turquoise"
"KIFC2","grey"
"CD81","turquoise"
"F2RL2","turquoise"
"HS3ST2","red"
"ACTA2-AS1","red"
"SLC67A1","turquoise"
"LOC100506023","turquoise"
"SNX9-AS1","turquoise"
"ACY1","brown"
"SOX18","turquoise"
"FHIP1A","turquoise"
"BOLA3","turquoise"
"SP140","yellow"
"SCO2","turquoise"
"LOC105370302","turquoise"
"INTS6L","yellow"
"MXRA8","green"
"ACOT11","grey"
"DMD","blue"
"THBD","green"
"LOC105375208","turquoise"
"CAPN13","grey"
"MIR6501","turquoise"
"LOC105374260","brown"
"ADGRA3","blue"
"CASC15","red"
"PKMYT1","blue"
"TRIM17","brown"
"ZSCAN18","grey"
"CRIP1","red"
"P3H3","red"
"MIR10394","turquoise"
"DUOXA2","grey"
"HSPG2","turquoise"
"SFRP2","red"
"ZNF320","grey"
"LOC105377507","turquoise"
"ACSS3","brown"
"TMEM156","yellow"
"CRYM","brown"
"RBM20","turquoise"
"NFATC1","yellow"
"SEC31B","turquoise"
"SNORA14B","turquoise"
"LOC107986853","turquoise"
"HCG4B","grey"
"IGHV3-64D","black"
"H4C6","turquoise"
"CKMT2","turquoise"
"SPART","green"
"CD7","grey"
"MAPK13","grey"
"ARHGAP15","yellow"
"TMEM26","blue"
"LOC101927345","turquoise"
"SMOC1","brown"
"SLC26A6","blue"
"UGT2A2","grey"
"SNORA11B","turquoise"
"SIX4","blue"
"LOC105372850","brown"
"ECHDC2","brown"
"DHRS7","turquoise"
"MIR1915HG","red"
"SEMA5A","turquoise"
"KIAA1755","red"
"GNA14","blue"
"NKD2","green"
"LOC105374528","turquoise"
"BMS1P18","pink"
"GJA5","grey"
"TSPEAR","grey"
"SNORD169","turquoise"
"FGFR4","turquoise"
"MINDY4B","turquoise"
"PDE4DIPP6","turquoise"
"FPR1","magenta"
"VCX","pink"
"LOC105372698","turquoise"
"PAX5","yellow"
"BSN","turquoise"
"CLCNKA","blue"
"GUCY2EP","grey"
"PSRC1","blue"
"PDE9A","grey"
"LINC02241","pink"
"NSUN6","turquoise"
"MBNL3","grey"
"ZNF716","pink"
"GPR183","yellow"
"SCAND1","turquoise"
"ANO5","grey"
"ZSCAN23","turquoise"
"LOC107985189","turquoise"
"BCL2","yellow"
"DYNLL1","turquoise"
"PWAR1","turquoise"
"GAGE12E","pink"
"BMS1P17","pink"
"ACADM","brown"
"PLA1A","grey"
"EDNRB","blue"
"MRPS24","turquoise"
"RPL22L1","turquoise"
"ADAMTS16-DT","grey"
"CDS1","grey"
"LOC105377103","turquoise"
"RPLP2","turquoise"
"ATP5MF","turquoise"
"GLMP","turquoise"
"FSTL4","blue"
"GAS6","grey"
"GLRX","turquoise"
"PDZD2","turquoise"
"MYO15B","grey"
"LMNTD2","grey"
"SOCS2-AS1","blue"
"PDZD4","green"
"ABR","yellow"
"HLA-DPA1","magenta"
"CLDN14-AS1","turquoise"
"FOXH1","grey"
"KCNH2","grey"
"LOC105369946","turquoise"
"TDRD10","grey"
"SMAD3-DT","grey"
"FXYD6","green"
"ROMO1","turquoise"
"IL6","red"
"IGFBP4","brown"
"HIF1A-AS1","turquoise"
"LAX1","black"
"TMEM258","turquoise"
"LILRB1","magenta"
"TMEM14A","turquoise"
"FEZ1","green"
"ATP6V1F","turquoise"
"C9orf152","grey"
"GABRD","blue"
"PCLAF","blue"
"LOC100506071","blue"
"FMNL2","turquoise"
"NRK","turquoise"
"TMEM139","turquoise"
"N4BP2L1","blue"
"LOC105379315","turquoise"
"SLFNL1-AS1","turquoise"
"PARGP1","turquoise"
"GOT2","brown"
"TMEM74","blue"
"GANC","turquoise"
"FANCD2","blue"
"UAP1L1","grey"
"APOLD1","grey"
"IGSF23","brown"
"ARID5B","turquoise"
"IFITM3","turquoise"
"ENPEP","blue"
"HMOX1","magenta"
"LOC105377265","grey"
"TUBA1A","turquoise"
"PRR18","brown"
"LINC01359","turquoise"
"FHAD1","brown"
"ARID3A","brown"
"PAQR4","blue"
"NLRC3","yellow"
"LOC107984018","turquoise"
"UGT2A1","grey"
"SATB1","blue"
"DRD1","blue"
"SLC4A11","brown"
"LMTK3","grey"
"NAALADL1","turquoise"
"LOC105370935","turquoise"
"H1-2","turquoise"
"IFI16","yellow"
"LINC01748","pink"
"PIK3R5","yellow"
"GUCY2C","grey"
"PTN","green"
"SALL2","grey"
"RHPN1","brown"
"TCAF2","turquoise"
"NT5DC2","blue"
"LINC02788","turquoise"
"TPT1","turquoise"
"FOXA2","red"
"VIM-AS1","red"
"IL1RAPL2","turquoise"
"FILIP1","turquoise"
"RPL13","turquoise"
"LOC102724517","turquoise"
"CCDC144NL-AS1","grey"
"METRN","blue"
"NDUFB2-AS1","turquoise"
"SLC16A13","brown"
"EVPLL","grey"
"SERPINF1","brown"
"CAPN6","grey"
"COBLL1","blue"
"LOC107984965","turquoise"
"TMEM86B","turquoise"
"GAGE12H","pink"
"CPEB3","blue"
"CCL3L3","green"
"TET1","turquoise"
"MIR1244-1","turquoise"
"ZFP1","blue"
"VSIG2","green"
"TNXA","grey"
"ABCC1","turquoise"
"BCL3","turquoise"
"NFATC4","brown"
"LOC105369228","turquoise"
"LOC107984393","grey"
"CHRDL2","turquoise"
"C3orf22","turquoise"
"STK17B","yellow"
"LINC01409","turquoise"
"OXCT1","red"
"TRIO","turquoise"
"C1QTNF3","turquoise"
"SPARC","red"
"ANXA2P2","blue"
"TOX3","grey"
"CDKN1C","green"
"FRMD4A-AS2","turquoise"
"SNORA58","turquoise"
"SNX32","turquoise"
"NPHP4","turquoise"
"LGR6","grey"
"TREM1","red"
"RPL24","turquoise"
"LOC107984361","turquoise"
"LOC102723380","grey"
"AGPAT4","brown"
"PARD3B","turquoise"
"LOC105375131","grey"
"RPS9","turquoise"
"PIEZO1-AS1","turquoise"
"PLK3","yellow"
"KLHDC7A","brown"
"HSALR1","turquoise"
"GRAPL","yellow"
"SNTG1","grey"
"CD80","yellow"
"LINC01482","blue"
"ARMH1","blue"
"MROH9","turquoise"
"IGDCC3","blue"
"TET2","turquoise"
"DENND3","yellow"
"KCNAB2","grey"
"CCL4","magenta"
"H2AC6","turquoise"
"RNASEH2A","blue"
"CD81-AS1","blue"
"CRNDE","blue"
"MRPL34","turquoise"
"PROS1","brown"
"PTPRE","yellow"
"LOC102723696","turquoise"
"FAM222A","blue"
"KCND3-AS1","turquoise"
"VSTM2L","grey"
"SACS","turquoise"
"MID1IP1","blue"
"NPIPB3","grey"
"SLC16A11","grey"
"NDUFA4","turquoise"
"RNVU1-2A","turquoise"
"LOC105370804","turquoise"
"LINC01507","turquoise"
"ANKRD20A2P","turquoise"
"FIRRE","pink"
"SP8","blue"
"COL8A2","red"
"RASGRP2","green"
"ATP5F1D","turquoise"
"PRKCH","yellow"
"MYO7A","turquoise"
"SLC30A2","grey"
"EBLN2","turquoise"
"LOC105374976","grey"
"CCDC88B","yellow"
"SCNN1A","blue"
"GPC6","turquoise"
"DUSP5","green"
"ANKRD44","turquoise"
"SOWAHA","yellow"
"HNF4A","brown"
"PRG2","blue"
"NR1H4","brown"
"LOC105374981","turquoise"
"LOC105371630","turquoise"
"NR2F2-AS1","turquoise"
"QRICH2","turquoise"
"LOC105373989","grey"
"RPLP0","turquoise"
"PTGS1","magenta"
"MARCKSL1","turquoise"
"NPIPB12","grey"
"MCM4","blue"
"ADRB2","blue"
"LOC729737","grey"
"NLRP3","yellow"
"LRRC55","blue"
"GLRX5","turquoise"
"ADAM9","brown"
"PAFAH1B3","blue"
"CEP350","turquoise"
"AKNA","yellow"
"NBL1","red"
"UFL1-AS1","turquoise"
"LINC00612","turquoise"
"CBLC","grey"
"ECM2","blue"
"LOC101928188","turquoise"
"LINC02384","turquoise"
"LOC105373608","brown"
"CHAC1","grey"
"TOMM6","turquoise"
"TCP11L2","turquoise"
"PAQR9","grey"
"HMGCS1","yellow"
"GPR141","turquoise"
"SMIM5","turquoise"
"C15orf48","brown"
"ZNF154","turquoise"
"CISD3","turquoise"
"LOC105374310","turquoise"
"ANKS6","blue"
"JCAD","brown"
"PLA2G5","blue"
"PGRMC1","brown"
"CBX2","blue"
"LOC105376829","turquoise"
"PEBP1","brown"
"H2AZ1","turquoise"
"SLC16A14","grey"
"RRAGD","blue"
"MGC12916","turquoise"
"IL1RN","blue"
"GUCY1A1","yellow"
"CD2","black"
"FSIP1","green"
"RALGAPA1","turquoise"
"EBF2","blue"
"CEP152","turquoise"
"PARM1","red"
"PRKDC","turquoise"
"TRIM15","grey"
"TREH","grey"
"CD74","magenta"
"SNORD55","turquoise"
"MROH7","blue"
"AGBL2","brown"
"MIR3652","grey"
"HTR2B","turquoise"
"KCNJ10","blue"
"PMP22","red"
"RASA3","yellow"
"P2RY13","magenta"
"FCHO1","yellow"
"SCX","grey"
"GTF2IP13","turquoise"
"SLC16A4","blue"
"NAA11","pink"
"ADAP1","black"
"GOLT1A","brown"
"GOLGA6D","blue"
"ACKR2","brown"
"MFGE8","red"
"CHMP3-AS1","turquoise"
"ZC3H12B","turquoise"
"RPL31","turquoise"
"RRAD","green"
"LSR","turquoise"
"PPM1E","grey"
"UQCR10","turquoise"
"PPP1R1C","blue"
"SH2D2A","yellow"
"SPOCK2","yellow"
"SORL1-AS1","turquoise"
"RUNX1T1","yellow"
"GUCY1B2","blue"
"SNORA3B","turquoise"
"ST20-MTHFS","turquoise"
"PRAMEF15","grey"
"AHI1","turquoise"
"LOC112268070","turquoise"
"GRK3","turquoise"
"BRIP1","turquoise"
"ALDH1L2","turquoise"
"ROBO3","grey"
"TPPP","turquoise"
"SAT2","turquoise"
"NFKBIZ","turquoise"
"LOC102724808","turquoise"
"ANKRD35","turquoise"
"ABCC11","turquoise"
"KCNK17","blue"
"ATP5MC3","turquoise"
"CD63","turquoise"
"RTL5","blue"
"RPL21","turquoise"
"ZBTB47-AS1","turquoise"
"NDUFAF8","turquoise"
"PRLR","grey"
"TRERF1","yellow"
"FCRL2","yellow"
"LINC00987","blue"
"MAST4","turquoise"
"SNORD116-22","turquoise"
"PATL2","turquoise"
"CNTLN","turquoise"
"LOC101928816","turquoise"
"LOC105372887","turquoise"
"ATP8B4","turquoise"
"HLA-DPB1","magenta"
"CCR7","yellow"
"KRT222","turquoise"
"ID3","green"
"HDAC4","turquoise"
"GRB7","grey"
"LINC03044","brown"
"SPIRE1","grey"
"CAMK1D","turquoise"
"ZNHIT1","turquoise"
"CCNT2-AS1","brown"
"LINC00939","brown"
"ZNF160","turquoise"
"NRBP2","grey"
"SHC2","grey"
"FEN1","blue"
"PRB4","turquoise"
"ABHD2","blue"
"SSPN","red"
"LOC105371100","turquoise"
"CPVL","grey"
"TOX","yellow"
"LOC107985119","turquoise"
"CLDN11","grey"
"RTL8A","turquoise"
"PMFBP1","turquoise"
"MIR3654","turquoise"
"NXN","green"
"RHBDL3","grey"
"SYNGR1","grey"
"LOC105378085","turquoise"
"CEACAM22P","turquoise"
"CIART","grey"
"NDUFA13","turquoise"
"CD19","yellow"
"NAMPT","grey"
"GAS2","brown"
"PLP2","blue"
"SYTL2","yellow"
"SNED1-AS1","turquoise"
"LOC112268267","turquoise"
"LOC105374216","turquoise"
"CCNP","turquoise"
"HES6","turquoise"
"IL20RA","grey"
"DIRAS3","blue"
"ANKRD22","grey"
"SLC25A10","brown"
"LOC107984545","blue"
"LOC285638","turquoise"
"HAGH","brown"
"TRIAP1","turquoise"
"LOC102724580","turquoise"
"CD48","magenta"
"LIMCH1","yellow"
"MGC27382","turquoise"
"ZDHHC19","turquoise"
"TP53I13","turquoise"
"MGC70870","turquoise"
"CHST11","red"
"KCTD12","magenta"
"KCNK1","grey"
"FBLIM1","brown"
"CDH12","grey"
"LOC107986590","brown"
"LINC02603","turquoise"
"LOC105370878","turquoise"
"ABHD14A-ACY1","brown"
"ANKRD20A4-ANKRD20A20P","turquoise"
"LOC105372564","brown"
"GK","blue"
"STMN3","red"
"MTARC1","brown"
"KCNN4","red"
"SMOX","blue"
"CCR2","black"
"CCNO","blue"
"ARSF","brown"
"NIN","turquoise"
"LRRC7","turquoise"
"PARPBP","blue"
"CLUHP3","turquoise"
"LOC105376026","turquoise"
"LOC105375172","turquoise"
"MISP3","turquoise"
"KCTD17","blue"
"GAGE12F","pink"
"AATK","turquoise"
"ID2","blue"
"DRAP1","turquoise"
"RUNX3","yellow"
"SYT1","grey"
"CTAG1A","pink"
"AIM2","yellow"
"APOL5","grey"
"LOC105369919","turquoise"
"SOX9-AS1","grey"
"GCSH","turquoise"
"LCK","black"
"RPL10","turquoise"
"ATAD3C","blue"
"ORC1","blue"
"GLI2","red"
"CSRP2","turquoise"
"BCAS3-AS1","turquoise"
"PRC1-AS1","blue"
"PAG1","turquoise"
"SMDT1","turquoise"
"ARHGAP11B","turquoise"
"RPL22","turquoise"
"FSTL1","red"
"NR2F6","turquoise"
"MAFA-AS1","grey"
"LOC105370094","turquoise"
"FMO1-AS1","brown"
"AKR1B1","grey"
"HLA-DPB2","magenta"
"TMEM97","yellow"
"SDHAP2","turquoise"
"MAFF","grey"
"WIPF3","grey"
"LOC642846","purple"
"LY96","magenta"
"WDPCP","turquoise"
"SLITRK6","blue"
"POLR2F","turquoise"
"FIGN","turquoise"
"ASNS","brown"
"LST1","magenta"
"MPC2","turquoise"
"TENM3","yellow"
"EZH2","blue"
"TMEM232","turquoise"
"NES","brown"
"LOC155060","grey"
"NOTCH2NLC","turquoise"
"SOBP","grey"
"DIPK2B","blue"
"HEYL","red"
"MEI4","grey"
"LOC105376188","blue"
"TUB","grey"
"KCNJ8-AS1","turquoise"
"GPR153","grey"
"MACROH2A2","grey"
"LAPTM5","magenta"
"BMS1P23","turquoise"
"NDUFA2","turquoise"
"PARK7","turquoise"
"NAPSB","blue"
"UBALD2","turquoise"
"H2BC14","turquoise"
"THPO","brown"
"C5orf46","brown"
"ITGB2","magenta"
"LOC107986514","turquoise"
"DOCK5","turquoise"
"SIAH2-AS1","turquoise"
"ICA1","grey"
"FAM229A","turquoise"
"CASC19","turquoise"
"RAP1GAP2","yellow"
"PRDX4","turquoise"
"IGSF9B","turquoise"
"LINC01061","blue"
"APOD","grey"
"FAM174C","turquoise"
"CHGA","turquoise"
"TRPC5","turquoise"
"LOC100507336","turquoise"
"CDC27P11","purple"
"TSPAN6","turquoise"
"SULT1C4","grey"
"NCMAP","grey"
"SNORD68","purple"
"MICOS10-NBL1","turquoise"
"GTF2I-AS1","turquoise"
"TUBA3C","pink"
"LOC105376933","turquoise"
"LRATD1","grey"
"GRPR","grey"
"UQCRQ","turquoise"
"WNT5B","grey"
"GREB1L","turquoise"
"LOC100134040","turquoise"
"SNRPD2","turquoise"
"AHNAK","turquoise"
"ACSL5","brown"
"LOC105375753","turquoise"
"DUSP10","turquoise"
"RASSF9","grey"
"SH3BGRL3","turquoise"
"CCN4","red"
"GRK5-AS1","turquoise"
"TRANK1","turquoise"
"ITGB2-AS1","yellow"
"LRP5L","turquoise"
"SCRN1","red"
"CEBPB-AS1","turquoise"
"PRB3","turquoise"
"SCUBE2","grey"
"C14orf132","grey"
"TDRD6","turquoise"
"ADAM22","brown"
"CUTA","turquoise"
"SLC5A11","grey"
"SAP25","grey"
"OTX1","blue"
"HMGCL","brown"
"PTPRK-AS1","turquoise"
"EFNA1","yellow"
"SGCA","green"
"SLC25A42","brown"
"NAV1","turquoise"
"CLDN20","turquoise"
"COMTD1","turquoise"
"COLCA1","blue"
"RPS4X","turquoise"
"NDUFC2","turquoise"
"DPP4","brown"
"RPL13AP5","turquoise"
"GSTM5","grey"
"BRK1","turquoise"
"CAV2","turquoise"
"LOC105374584","turquoise"
"LOC105373994","turquoise"
"SYTL1","yellow"
"PIEZO2","turquoise"
"PFDN2","turquoise"
"SLC5A9","grey"
"CDKN2B-AS1","turquoise"
"PMS2P9","turquoise"
"FAM162A","turquoise"
"SLC5A4-AS1","turquoise"
"PTCH2","turquoise"
"TNFRSF9","yellow"
"CELSR1","grey"
"IGHV2-26","black"
"RNF128","brown"
"CHP1P2","turquoise"
"CEP72","turquoise"
"GDPD4","grey"
"LAMB3","grey"
"LOC102723444","turquoise"
"TMEM51-AS2","turquoise"
"ZNF573","turquoise"
"LOC102724370","grey"
"VDR","brown"
"C1QTNF7","yellow"
"LOC105374570","turquoise"
"ARHGAP33","grey"
"TNFRSF21","brown"
"ZNF667","turquoise"
"ADGRE2","yellow"
"LINC01151","grey"
"LOC105379280","turquoise"
"SNORA75","turquoise"
"SNORA67","turquoise"
"TK1","blue"
"IGHJ2","black"
"POU6F2-AS1","grey"
"PODXL","brown"
"PRKAG3","grey"
"LOC107986347","turquoise"
"CDC25A","blue"
"PITPNM2-AS1","turquoise"
"CKMT1A","blue"
"LINC01290","turquoise"
"MTHFS","brown"
"MSL3B","turquoise"
"TMPPE","turquoise"
"NYNRIN","grey"
"LOC107985162","turquoise"
"GOLGA8O","turquoise"
"EFNA2","turquoise"
"LOC112268050","turquoise"
"UNC5C","yellow"
"TPBG","green"
"RNASEK","turquoise"
"TUSC1","turquoise"
"SLC26A3","grey"
"LEISA1","turquoise"
"MIR4802","turquoise"
"E2F2","blue"
"ISOC2","turquoise"
"RAC2","magenta"
"NEURL3","turquoise"
"KLC4-AS1","turquoise"
"RGS11","green"
"DEPP1","grey"
"LOC105379395","turquoise"
"TMEFF2","turquoise"
"LY75","yellow"
"CYC1","turquoise"
"DDX11","blue"
"RPS7","turquoise"
"ADAMTS6","turquoise"
"CNTNAP3C","turquoise"
"DACT1","green"
"GRIN2B","blue"
"CCL15-CCL14","brown"
"MYLK","turquoise"
"NICOL1","turquoise"
"AQP7P3","brown"
"ZNF484","turquoise"
"TIMM8B","turquoise"
"CARMIL2","yellow"
"CHST7","blue"
"RFX3","turquoise"
"LOC105372704","turquoise"
"CRIM1","turquoise"
"LOC107984701","turquoise"
"BPTF","turquoise"
"RNF180","yellow"
"MAGI2","turquoise"
"ZYG11A","magenta"
"IL1B","green"
"SNORD168","turquoise"
"RIMS2","pink"
"LOC107986482","brown"
"ZNF215","turquoise"
"RPL18","turquoise"
"POLR2I","turquoise"
"SHROOM3-AS1","turquoise"
"SNORD14C","turquoise"
"LOC105373074","turquoise"
"LOC105374128","turquoise"
"PER3","turquoise"
"TMC6","yellow"
"PTHLH","brown"
"BLM","blue"
"BTG2","black"
"CSF1R","magenta"
"MYORG","brown"
"SCD5","green"
"CCN5","green"
"LOC653513","turquoise"
"ALKBH7","turquoise"
"SGO2","blue"
